"Discipline Mark Date", "Country", "ResultScore", "Competition", "Category", "Race", "Place"
Eliud KIPCHOGE, 05 Nov 1984, KEN, "Marathon, 1:59:41 , 12 OCT 2019", "AUT", "INEOS 1:59 Challenge, Prater Hauptallee, Wien", "F", "F", "1", "EXH"
Eliud KIPCHOGE, 05 Nov 1984, KEN, "Marathon, 2:02:37 , 28 APR 2019", "GBR", "1286", "Virgin Money London Marathon, London", "GL", "F", "1"
Lawrence CHERONO, 07 Aug 1988, KEN, "Marathon, 2:05:45 , 13 OCT 2019", "USA", "1232", "Bank of America Chicago Marathon, Chicago, IL", "GL", "F", "1"
Lawrence CHERONO, 07 Aug 1988, KEN, "Half Marathon, 1:04:09 , 28 JUL 2019", "COL", "1025", "Media Maraton de Bogota, Bogotá", "A", "F", "2"
Lawrence CHERONO, 07 Aug 1988, KEN, "Half Marathon, 1:00:46 *, 02 JUN 2019", "USA", "1132", "Rock 'n' Roll Half Marathon, San Diego, CA", "E", "F", "2"
Lawrence CHERONO, 07 Aug 1988, KEN, "Marathon, 2:07:57 *, 15 APR 2019", "USA", "1175", "B.A.A. Boston Marathon, Boston, MA", "GL", "F", "1"
Leule GEBRSELASSIE, 20 Sep 1993, ETH, "Marathon, 2:07:19 , 01 DEC 2019", "ESP", "1205", "Maratón Valencia Trinidad Alfonso EDP, Valencia", "GL", "F", "9"
Leule GEBRSELASSIE, 20 Sep 1993, ETH, "Marathon, DNF , 29 SEP 2019", "GER", "BMW BERLIN-MARATHON, Berlin", "GL", "F"
Leule GEBRSELASSIE, 20 Sep 1993, ETH, "Marathon, 2:07:15 , 28 APR 2019", "GBR", "1206", "Virgin Money London Marathon, London", "GL", "F", "8"
Mosinet GEREMEW, 12 Feb 1992, ETH, "Marathon, 2:10:44 , 05 OCT 2019", "QAT", "1148", "IAAF World Championships in Athletics, Corniche, Doha", "OW", "F", "2"
Mosinet GEREMEW, 12 Feb 1992, ETH, "Marathon, 2:02:55 , 28 APR 2019", "GBR", "1281", "Virgin Money London Marathon, London", "GL", "F", "2"
Mosinet GEREMEW, 12 Feb 1992, ETH, "Half Marathon, 59:37 , 17 MAR 2019", "POR", "1202", "EDP Meia Maratona de Lisboa, Lisboa", "A", "F", "1"
Tamirat TOLA, 11 Aug 1991, ETH, "Marathon, 2:09:20 , 03 NOV 2019", "USA", "1171", "TCS New York City Marathon, New York, NY", "GL", "F", "4"
Tamirat TOLA, 11 Aug 1991, ETH, "Half Marathon, 59:13 *, 08 SEP 2019", "GBR", "1210", "South Shields Great North Run, South Shields", "E", "F", "2"
Tamirat TOLA, 11 Aug 1991, ETH, "Half Marathon, 1:02:35 , 28 JUL 2019", "COL", "1085", "Media Maraton de Bogota, Bogotá", "A", "F", "1"
Tamirat TOLA, 11 Aug 1991, ETH, "10,000 Metres, 27:18.10 , 17 JUL 2019", "NED", "1197", "Ethiopian Trials, Hengelo", "F", "F", "10"
Tamirat TOLA, 11 Aug 1991, ETH, "Marathon, 2:06:57 , 28 APR 2019", "GBR", "1211", "Virgin Money London Marathon, London", "GL", "F", "6"
Tola SHURA KITATA, 09 Jun 1996, ETH, "Marathon, 2:10:39 , 03 NOV 2019", "USA", "1149", "TCS New York City Marathon, New York, NY", "GL", "F", "5"
Tola SHURA KITATA, 09 Jun 1996, ETH, "Marathon, 2:05:01 , 28 APR 2019", "GBR", "1244", "Virgin Money London Marathon, London", "GL", "F", "4"
Tola SHURA KITATA, 09 Jun 1996, ETH, "Half Marathon, 1:00:11 , 20 JAN 2019", "USA", "1179", "Aramco Houston Half Marathon, Houston, TX", "A", "F", "1"
Geoffrey KIRUI, 16 Feb 1993, KEN, "Marathon, 2:13:54 , 05 OCT 2019", "QAT", "1096", "IAAF World Championships in Athletics, Corniche, Doha", "OW", "F", "14"
Geoffrey KIRUI, 16 Feb 1993, KEN, "Marathon, 2:08:55 *, 15 APR 2019", "USA", "1159", "B.A.A. Boston Marathon, Boston, MA", "GL", "F", "5"
Mo FARAH, 23 Mar 1983, GBR, "Marathon, 2:09:58 , 13 OCT 2019", "USA", "1161", "Bank of America Chicago Marathon, Chicago, IL", "GL", "F", "8"
Mo FARAH, 23 Mar 1983, GBR, "Half Marathon, 59:07 *, 08 SEP 2019", "GBR", "1214", "South Shields Great North Run, South Shields", "E", "F", "1"
Mo FARAH, 23 Mar 1983, GBR, "10 Kilometres Road, 28:15 , 27 MAY 2019", "GBR", "1109", "Vitality London 10,000, London", "D", "F", "1"
Mo FARAH, 23 Mar 1983, GBR, "Marathon, 2:05:39 , 28 APR 2019", "GBR", "1233", "Virgin Money London Marathon, London", "GL", "F", "5"
Mo FARAH, 23 Mar 1983, GBR, "Half Marathon, 1:01:15 , 10 MAR 2019", "GBR", "Vitality Big Half Marathon, London", "E", "F", "1", "UNC"
Kenneth Kiprop KIPKEMOI, 02 Aug 1984, KEN, "Marathon, 2:08:07 *, 15 APR 2019", "USA", "1173", "B.A.A. Boston Marathon, Boston, MA", "GL", "F", "3"
Kelkile GEZAHEGN, 01 Oct 1996, ETH, "Marathon, 2:07:29 , 27 OCT 2019", "SLO", "1202", "Volkswagen Ljubljana Marathon, Ljubljana", "GL", "F", "1"
Kelkile GEZAHEGN, 01 Oct 1996, ETH, "Marathon, 2:09:03 , 07 APR 2019", "NED", "1176", "NN Marathon Rotterdam, Rotterdam", "GL", "F", "8"
Kelkile GEZAHEGN, 01 Oct 1996, ETH, "Marathon, 2:06:09 , 25 JAN 2019", "UAE", "1225", "Standard Chartered Dubai Marathon, Dubai", "GL", "F", "6"
Galen RUPP, 08 May 1986, USA, "Marathon, DNF , 13 OCT 2019", "USA", "Bank of America Chicago Marathon, Chicago, IL", "GL", "F"
Mule WASIHUN, 20 Oct 1993, ETH, "15 Kilometres Road, 43:03 , 17 NOV 2019", "NED", "1128", "NN Zevenheuvelenloop, Nijmegen", "E", "F", "8"
Mule WASIHUN, 20 Oct 1993, ETH, "Marathon, DNF , 05 OCT 2019", "QAT", "IAAF World Championships in Athletics, Corniche, Doha", "OW", "F"
Mule WASIHUN, 20 Oct 1993, ETH, "Marathon, 2:03:16 , 28 APR 2019", "GBR", "1275", "Virgin Money London Marathon, London", "GL", "F", "3"
Mule WASIHUN, 20 Oct 1993, ETH, "Half Marathon, 59:34 , 08 FEB 2019", "UAE", "1204", "RAK Half Marathon, Ras Al Khaimah", "E", "F", "6"
Matthew Kipkoech KISORIO, 16 May 1989, KEN, "Marathon, 2:07:06 , 03 NOV 2019", "CHN", "1209", "CFLD Beijing Marathon, Beijing", "GL", "F", "1"
Matthew Kipkoech KISORIO, 16 May 1989, KEN, "Marathon, DNF , 25 AUG 2019", "MEX", "Maratón Ciudad de México, Ciudad de México", "GL", "F"
Matthew Kipkoech KISORIO, 16 May 1989, KEN, "10,000 Metres, 28:44.63 , 11 JUL 2019", "KEN", "1064", "Kenya Police Ch., Nairobi", "F", "F", "4"
Matthew Kipkoech KISORIO, 16 May 1989, KEN, "Marathon, 2:12:38 , 21 APR 2019", "KEN", "Marathon, Eldoret", "F", "F", "1", "SC"
Matthew Kipkoech KISORIO, 16 May 1989, KEN, "Half Marathon, 1:01:48 , 24 FEB 2019", "MEX", "1115", "Medio Maratón Internacional Electrolit Guadalajara, Guadalajara", "A", "F", "1"
Dickson CHUMBA, 27 Oct 1986, KEN, "Marathon, 2:09:11 , 13 OCT 2019", "USA", "1174", "Bank of America Chicago Marathon, Chicago, IL", "GL", "F", "7"
Dickson CHUMBA, 27 Oct 1986, KEN, "Marathon, 2:08:44 , 03 MAR 2019", "JPN", "1181", "Tokyo Marathon, Tokyo", "GL", "F", "3"
Nobert KIGEN, 24 Jan 1993, KEN, "Marathon, DNF , 03 MAR 2019", "JPN", "Tokyo Marathon, Tokyo", "GL", "F"
Sammy KITWARA, 26 Nov 1986, KEN, "Marathon,  -  , 17 MAR 2019", "KOR", "Seoul Marathon, Seoul", "GL", "F", " - ", "DQ"
Stephen MOKOKA, 31 Jan 1985, RSA, "10 Kilometres Road, 28:12 , 13 OCT 2019", "RSA", "1113", "FNB Durban 10K Citysurfrun, Durban", "C", "F", "1"
Stephen MOKOKA, 31 Jan 1985, RSA, "Marathon, 2:11:09 , 05 OCT 2019", "QAT", "1141", "IAAF World Championships in Athletics, Corniche, Doha", "OW", "F", "5"
Stephen MOKOKA, 31 Jan 1985, RSA, "Half Marathon, 59:51 , 25 AUG 2019", "ARG", "1192", "Half Marathon, Buenos Aires", "E", "F", "4"
Stephen MOKOKA, 31 Jan 1985, RSA, "Half Marathon, 1:00:57 , 27 JUL 2019", "RSA", "1148", "Nelson Mandela Bay Half Marathon, Port Elizabeth - South African Half Marathon Ch.", "B", "F", "1"
Stephen MOKOKA, 31 Jan 1985, RSA, "12 Kilometres Road, 33:50 , 19 MAY 2019", "RSA", "FNB Cape Town 12 ONERUN, Cape Town", "C", "F", "3"
Stephen MOKOKA, 31 Jan 1985, RSA, "Half Marathon, 1:03:37 , 20 APR 2019", "RSA", "1045", "Two Oceans Half Marathon, Cape Town", "E", "F", "3"
Stephen MOKOKA, 31 Jan 1985, RSA, "5000 Metres, 14:06.07 , 09 APR 2019", "RSA", "979", "AGN Special Senior League, Pretoria", "F", "F", "1"
Stephen MOKOKA, 31 Jan 1985, RSA, "Marathon, 2:07:58 , 10 MAR 2019", "JPN", "1194", "Lake Biwa Marathon, Otsu", "GL", "F", "3"
Sisay LEMMA, 12 Dec 1990, ETH, "Half Marathon, 1:02:16 , 15 DEC 2019", "THA", "1097", "Bangsaen21 Half Marathon, Chon Buri", "B", "F", "1"
Sisay LEMMA, 12 Dec 1990, ETH, "Marathon, 2:03:36 , 29 SEP 2019", "GER", "1269", "BMW BERLIN-MARATHON, Berlin", "GL", "F", "3"
Sisay LEMMA, 12 Dec 1990, ETH, "Marathon, 2:22:08 *, 15 APR 2019", "USA", "949", "B.A.A. Boston Marathon, Boston, MA", "GL", "F", "30"
Abraham KIPTUM, 15 Sep 1989, KEN, "Half Marathon,  -  , 15 MAR 2019", "BRN", "Bahrain Night Half Marathon, Manama", "E", "F", " - ", "DQ"
Abraham KIPTUM, 15 Sep 1989, KEN, "Half Marathon,  -  , 24 FEB 2019", "ESP", "Half Marathon, Granollers", "E", "F", " - ", "DQ"
Benson KIPRUTO, 17 Mar 1991, KEN, "Marathon, 2:05:13 , 20 OCT 2019", "CAN", "1241", "Scotiabank Toronto Waterfront Marathon, Toronto", "GL", "F", "4"
Benson KIPRUTO, 17 Mar 1991, KEN, "Marathon, 2:09:53 *, 15 APR 2019", "USA", "1143", "B.A.A. Boston Marathon, Boston, MA", "GL", "F", "10"
Amos KIPRUTO, 16 Sep 1992, KEN, "10 Kilometres Road, 28:37 , 31 DEC 2019", "ITA", "1076", "BOclassic Südtirol, Bolzano", "C", "F", "3"
Amos KIPRUTO, 16 Sep 1992, KEN, "10 Kilometres Road, 29:45 , 26 OCT 2019", "ITA", "976", "Memorial Peppe Greco, Scicli", "E", "F", "2"
Amos KIPRUTO, 16 Sep 1992, KEN, "Marathon, 2:10:51 , 05 OCT 2019", "QAT", "1146", "IAAF World Championships in Athletics, Corniche, Doha", "OW", "F", "3"
Amos KIPRUTO, 16 Sep 1992, KEN, "Marathon, 2:06:46 , 05 MAY 2019", "CZE", "1214", "Volkswagen Prague Marathon, Praha", "GL", "F", "3"
Asefa MENGSTU, 22 Jan 1988, ETH, "Marathon, 2:05:48 , 13 OCT 2019", "USA", "1231", "Bank of America Chicago Marathon, Chicago, IL", "GL", "F", "3"
Asefa MENGSTU, 22 Jan 1988, ETH, "Marathon, 2:07:25 , 14 APR 2019", "FRA", "1203", "Schneider Electric Marathon de Paris, Paris", "GL", "F", "2"
Asefa MENGSTU, 22 Jan 1988, ETH, "Marathon, 2:04:24 , 25 JAN 2019", "UAE", "1255", "Standard Chartered Dubai Marathon, Dubai", "GL", "F", "3"
Abera KUMA, 31 Aug 1990, ETH, "Marathon, 2:09:14 , 20 OCT 2019", "CAN", "1173", "Scotiabank Toronto Waterfront Marathon, Toronto", "GL", "F", "6"
Abera KUMA, 31 Aug 1990, ETH, "Half Marathon, 1:01:18 , 31 AUG 2019", "FRA", "1135", "Semi Marathon, Lille", "E", "F", "11"
Abera KUMA, 31 Aug 1990, ETH, "Marathon, 2:08:14 , 26 MAY 2019", "CAN", "1190", "Scotiabank Ottawa Marathon, Ottawa", "GL", "F", "2"
Abera KUMA, 31 Aug 1990, ETH, "Half Marathon, 1:00:41 , 30 MAR 2019", "ESP", "1159", "Media Maraton Azkoitia-Azpeitia, Azpeitia", "E", "F", "2"
Abera KUMA, 31 Aug 1990, ETH, "Marathon, 2:13:10 , 20 JAN 2019", "IND", "1108", "Tata Mumbai Marathon, Mumbai", "GL", "F", "7"
Suguru OSAKO, 23 May 1991, JPN, "Marathon, 2:17:30 , 08 DEC 2019", "USA", "1039", "Honolulu Marathon, Honolulu, HI", "E", "F", "6"
Suguru OSAKO, 23 May 1991, JPN, "Marathon, 2:11:41 , 15 SEP 2019", "JPN", "1132", "Marathon Grand Championships, Tokyo", "B", "F", "3"
Suguru OSAKO, 23 May 1991, JPN, "10,000 Metres, 27:57.41 , 22 JUL 2019", "JPN", "1136", "Hokuren Distance Challenge, Abashiri", "E", "F1", "3"
Suguru OSAKO, 23 May 1991, JPN, "5000 Metres, 13:48.33 , 09 JUN 2019", "USA", "1039", "Portland Track Festival, Portland, OR", "F", "F1", "6"
Suguru OSAKO, 23 May 1991, JPN, "3000 Metres, 7:59.87 , 19 MAY 2019", "JPN", "1057", "Tokai University Distance Copetition, Tokai University Stadium, Hiratsuka", "F", "F1", "1"
Suguru OSAKO, 23 May 1991, JPN, "5000 Metres, 14:00.75 , 19 MAY 2019", "JPN", "997", "Tokai University Distance Copetition, Tokai University Stadium, Hiratsuka", "F", "F2", "2"
Suguru OSAKO, 23 May 1991, JPN, "5000 Metres, 13:40.48 , 02 MAY 2019", "USA", "1066", "Payton Jordan Invitational, Palo Alto, CA", "F", "F2", "2"
Suguru OSAKO, 23 May 1991, JPN, "Marathon, DNF , 03 MAR 2019", "JPN", "Tokyo Marathon, Tokyo", "GL", "F"
Suguru OSAKO, 23 May 1991, JPN, "Half Marathon, 1:03:01 , 03 FEB 2019", "USA", "Surf City Half Marathon, Huntington Beach, CA", "F", "F", "1", "UNC"
El Hassan EL ABBASSI, 13 Apr 1984, BRN, "Marathon, 2:08:58 , 17 NOV 2019", "CHN", "1177", "Shanghai International Marathon, Shanghai", "GL", "F", "2"
El Hassan EL ABBASSI, 13 Apr 1984, BRN, "Marathon, 2:11:44 , 05 OCT 2019", "QAT", "1132", "IAAF World Championships in Athletics, Corniche, Doha", "OW", "F", "7"
El Hassan EL ABBASSI, 13 Apr 1984, BRN, "10 Kilometres Road, 30:19 , 27 MAY 2019", "USA", "928", "International Team Challenge, Boulder, CO", "E", "F", "15"
El Hassan EL ABBASSI, 13 Apr 1984, BRN, "Marathon, DNF , 03 MAR 2019", "JPN", "Tokyo Marathon, Tokyo", "GL", "F"
El Hassan EL ABBASSI, 13 Apr 1984, BRN, "Half Marathon, 1:02:38 , 20 JAN 2019", "USA", "1083", "Aramco Houston Half Marathon, Houston, TX", "A", "F", "18"
Seifu TURA, 19 Jun 1997, ETH, "Marathon, 2:08:35 , 13 OCT 2019", "USA", "1184", "Bank of America Chicago Marathon, Chicago, IL", "GL", "F", "6"
Seifu TURA, 19 Jun 1997, ETH, "Half Marathon, 59:17 , 25 AUG 2019", "ARG", "1215", "Half Marathon, Buenos Aires", "E", "F", "2"
Seifu TURA, 19 Jun 1997, ETH, "Half Marathon, 1:00:28 , 21 APR 2019", "CHN", "1168", "Jianzhen International Half Marathon, Yangzhou", "A", "F", "4"
Seifu TURA, 19 Jun 1997, ETH, "Marathon, DNF , 03 MAR 2019", "JPN", "Tokyo Marathon, Tokyo", "GL", "F"
Yemane TSEGAY, 08 Apr 1985, ETH, "Half Marathon, 1:05:55 , 29 SEP 2019", "GBR", "960", "Bank of Scotland Great Scottish Half Marathon & 10K, Glasgow", "E", "F", "8"
Geoffrey KAMWOROR, 22 Nov 1992, KEN, "Marathon, 2:08:13 , 03 NOV 2019", "USA", "1190", "TCS New York City Marathon, New York, NY", "GL", "F", "1"
Geoffrey KAMWOROR, 22 Nov 1992, KEN, "Half Marathon, 58:01 , 15 SEP 2019", "DEN", "1267", "Copenhagen Half Marathon, København", "A", "F", "1"
Geoffrey KAMWOROR, 22 Nov 1992, KEN, "10,000 Metres, 27:24.76 , 22 AUG 2019", "KEN", "1187", "Kenyan Championships, Nyayo National Stadium, Nairobi", "B", "F", "1"
Geoffrey KAMWOROR, 22 Nov 1992, KEN, "10,000 Metres, 27:50.65 , 11 JUL 2019", "KEN", "1146", "Kenya Police Ch., Nairobi", "F", "F", "1"
Geoffrey KAMWOROR, 22 Nov 1992, KEN, "10 Miles Road, 44:57 , 11 MAY 2019", "SUI", "1207", "Grand Prix, Bern", "E", "F", "1"
Geoffrey KAMWOROR, 22 Nov 1992, KEN, "Cross Country Senior Race, 31:55 , 30 MAR 2019", "DEN", "43rd IAAF World Cross Country Championships, Århus", "GW", "F", "3"
Ernest NGENO, 20 May 1995, KEN, "Marathon, 2:11:46 , 12 MAY 2019", "CHN", "1131", "ICBC Cup - Dalian International Marathon, Dalian", "A", "F", "4"
Ernest NGENO, 20 May 1995, KEN, "Marathon, DNF , 10 MAR 2019", "JPN", "Lake Biwa Marathon, Otsu", "GL", "F"
Gideon Kipkemoi KIPKETER, 10 Nov 1992, KEN, "Marathon, 2:09:47 , 01 DEC 2019", "ESP", "1164", "Maratón Valencia Trinidad Alfonso EDP, Valencia", "GL", "F", "13"
Gideon Kipkemoi KIPKETER, 10 Nov 1992, KEN, "Marathon, DNF , 28 APR 2019", "GBR", "Virgin Money London Marathon, London", "GL", "F"
Gideon Kipkemoi KIPKETER, 10 Nov 1992, KEN, "Marathon, DNF , 03 MAR 2019", "JPN", "Tokyo Marathon, Tokyo", "GL", "F"
Lelisa DESISA, 14 Jan 1990, ETH, "Marathon, DNF , 03 NOV 2019", "USA", "TCS New York City Marathon, New York, NY", "GL", "F"
Lelisa DESISA, 14 Jan 1990, ETH, "Marathon, 2:10:40 , 05 OCT 2019", "QAT", "1149", "IAAF World Championships in Athletics, Corniche, Doha", "OW", "F", "1"
Lelisa DESISA, 14 Jan 1990, ETH, "Marathon, 2:07:59 *, 15 APR 2019", "USA", "1175", "B.A.A. Boston Marathon, Boston, MA", "GL", "F", "2"
Lelisa DESISA, 14 Jan 1990, ETH, "Half Marathon, 1:00:36 , 08 FEB 2019", "UAE", "1162", "RAK Half Marathon, Ras Al Khaimah", "E", "F", "13"
Dickson TUWEI, 31 Oct 1992, KEN, "Marathon, 2:11:28 , 17 FEB 2019", "HKG", "1136", "Standard Chartered Hong Kong Marathon, Hong Kong", "GL", "F", "5"
Kenneth Mburu MUNGARA, 07 Sep 1973, KEN, "Marathon, 2:14:54 , 15 DEC 2019", "TPE", "1080", "Taipei Marathon, Taipei City", "B", "F", "1"
Kenneth Mburu MUNGARA, 07 Sep 1973, KEN, "Marathon, 2:14:53 , 27 OCT 2019", "KEN", "1081", "Standard Chartered Nairobi Marathon, Nairobi", "F", "F", "9"
Kenneth Mburu MUNGARA, 07 Sep 1973, KEN, "Marathon, 2:12:47 , 17 FEB 2019", "HKG", "1115", "Standard Chartered Hong Kong Marathon, Hong Kong", "GL", "F", "7"
Felix Kipchirchir KANDIE, 10 Apr 1987, KEN, "Marathon, 2:08:07 , 29 SEP 2019", "GER", "1192", "BMW BERLIN-MARATHON, Berlin", "GL", "F", "5"
Felix Kipchirchir KANDIE, 10 Apr 1987, KEN, "Marathon, 2:08:54 *, 15 APR 2019", "USA", "1160", "B.A.A. Boston Marathon, Boston, MA", "GL", "F", "4"
Laban KORIR, 30 Dec 1985, KEN, "Marathon, 2:12:38 , 05 OCT 2019", "QAT", "1117", "IAAF World Championships in Athletics, Corniche, Doha", "OW", "F", "11"
Laban KORIR, 30 Dec 1985, KEN, "Marathon, 2:11:26 , 28 APR 2019", "GER", "1137", "Haspa Marathon Hamburg, Hamburg", "E", "F", "12"
Laban KORIR, 30 Dec 1985, KEN, "Marathon, 2:09:36 , 10 MAR 2019", "ESP", "1167", "Zurich Marató Barcelona, Barcelona", "B", "F", "9"
Soloman DEKSISA, 11 Mar 1994, ETH, "Marathon, 2:05:16 , 20 OCT 2019", "NED", "1240", "TCS Amsterdam Marathon, Amsterdam", "GL", "F", "2"
Soloman DEKSISA, 11 Mar 1994, ETH, "Marathon, DNF *, 15 APR 2019", "USA", "B.A.A. Boston Marathon, Boston, MA", "GL", "F"
Albert KORIR, 02 Mar 1994, KEN, "Marathon, 2:08:36 , 03 NOV 2019", "USA", "1184", "TCS New York City Marathon, New York, NY", "GL", "F", "2"
Albert KORIR, 02 Mar 1994, KEN, "Marathon, 2:08:03 , 26 MAY 2019", "CAN", "1193", "Scotiabank Ottawa Marathon, Ottawa", "GL", "F", "1"
Albert KORIR, 02 Mar 1994, KEN, "Marathon, 2:10:02 , 20 JAN 2019", "USA", "1160", "Chevron Houston Marathon, Houston, TX", "A", "F", "1"
Martin KIPRUGUT KOSGEY, 21 Mar 1989, KEN, "Marathon, 2:07:20 , 27 OCT 2019", "GER", "1205", "Mainova Frankfurt Marathon, Frankfurt", "GL", "F", "4"
Martin KIPRUGUT KOSGEY, 21 Mar 1989, KEN, "Marathon, 2:10:19 , 26 MAY 2019", "CAN", "1155", "Scotiabank Ottawa Marathon, Ottawa", "GL", "F", "4"
Yuta SHITARA, 18 Dec 1991, JPN, "Marathon, 2:16:09 , 15 SEP 2019", "JPN", "1060", "Marathon Grand Championships, Tokyo", "B", "F", "14"
Yuta SHITARA, 18 Dec 1991, JPN, "10,000 Metres, 28:17.38 , 22 JUL 2019", "JPN", "1105", "Hokuren Distance Challenge, Abashiri", "E", "F1", "10"
Yuta SHITARA, 18 Dec 1991, JPN, "Marathon, 2:07:50 , 07 JUL 2019", "AUS", "1196", "Gold Coast Marathon, Gold Coast", "GL", "F", "1"
Yuta SHITARA, 18 Dec 1991, JPN, "5000 Metres, 13:47.31 , 27 JUN 2019", "JPN", "1042", "103rd Japan Championships, Fukuoka", "B", "F", "8"
Yuta SHITARA, 18 Dec 1991, JPN, "10,000 Metres, 27:53.67 , 04 MAY 2019", "JPN", "1142", "Golden Games, Nobeoka", "F", "F", "1"
Yuta SHITARA, 18 Dec 1991, JPN, "Half Marathon, 1:01:36 , 28 APR 2019", "JPN", "1123", "Seiryu Half Marathon, Gifu", "A", "F", "5"
Yuta SHITARA, 18 Dec 1991, JPN, "5000 Metres, 13:35.70 , 14 APR 2019", "JPN", "1082", "28th Kanakuri Memorial Meet, Kumamoto", "F", "F6", "5"
Yuma HATTORI, 13 Nov 1993, JPN, "Marathon, 2:11:36 , 15 SEP 2019", "JPN", "1134", "Marathon Grand Championships, Tokyo", "B", "F", "2"
Yuma HATTORI, 13 Nov 1993, JPN, "Half Marathon, 1:02:39 , 07 JUL 2019", "AUS", "1082", "Half Marathon, Gold Coast", "E", "F", "3"
Yuma HATTORI, 13 Nov 1993, JPN, "5000 Metres, 13:57.59 , 14 APR 2019", "JPN", "1008", "28th Kanakuri Memorial Meet, Kumamoto", "F", "F6", "14"
Abel KIRUI, 06 Apr 1982, KEN, "25 Kilometres Road, 1:18:08 , 15 DEC 2019", "IND", "1004", "Tata Steel Kolkata 25K, Kolkata", "B", "F", "11"
Abel KIRUI, 06 Apr 1982, KEN, "Marathon, DNF , 28 APR 2019", "GER", "Haspa Marathon Hamburg, Hamburg", "E", "F"
Wilson Kipsang KIPROTICH, 15 Mar 1982, KEN, "Marathon,  -  , 28 APR 2019", "GBR", "Virgin Money London Marathon, London", "GL", "F", " - ", "DQ"
Wilson Kipsang KIPROTICH, 15 Mar 1982, KEN, "Half Marathon, 1:04:07 , 10 MAR 2019", "GBR", "Vitality Big Half Marathon, London", "E", "F", "5", "UNC"
Takuya NOGUCHI, 02 Jul 1988, JPN, "10,000 Metres, 28:59.76 , 23 NOV 2019", "JPN", "1042", "Hachioji Long Distance Meet, Hosei University Stadium, Machida", "F", "F5", "21"
Takuya NOGUCHI, 02 Jul 1988, JPN, "5000 Metres, 14:55.82 , 22 JUL 2019", "JPN", "822", "Hokuren Distance Challenge, Abashiri", "E", "F2", "34"
Takuya NOGUCHI, 02 Jul 1988, JPN, "10,000 Metres, 30:39.43 , 09 JUL 2019", "JPN", "900", "Hokuren Distance Challenge, Fukagawa", "F", "F6", "8"
Ishimael BUSHENDICH, 07 Jul 1991, KEN, "Marathon, 2:17:29 , 03 NOV 2019", "CHN", "1039", "CFLD Beijing Marathon, Beijing", "GL", "F", "14"
Deriba ROBI, 26 Sep 1990, ETH, "Marathon, 2:21:49 , 25 AUG 2019", "MEX", "973", "Maratón Ciudad de México, Ciudad de México", "GL", "F", "5"
Deriba ROBI, 26 Sep 1990, ETH, "Marathon, 2:08:11 , 10 MAR 2019", "JPN", "1191", "Lake Biwa Marathon, Otsu", "GL", "F", "5"
Dejene DEBELA, 09 Jan 1995, ETH, "Marathon, 2:05:46 , 13 OCT 2019", "USA", "1231", "Bank of America Chicago Marathon, Chicago, IL", "GL", "F", "2"
Dejene DEBELA, 09 Jan 1995, ETH, "10 Kilometres Road, 29:32 , 27 MAY 2019", "USA", "995", "International Team Challenge, Boulder, CO", "E", "F", "7"
Dejene DEBELA, 09 Jan 1995, ETH, "Marathon, 2:09:26 , 06 JAN 2019", "CHN", "1170", "Xiamen International Marathon, Xiamen", "GL", "F", "1"
Yitayal Atnafu ZERIHUN, 20 Jan 1993, ETH, "Marathon, 2:09:57 , 03 NOV 2019", "TUR", "1161", "Istanbul Marathon, Istanbul", "GL", "F", "2"
Yitayal Atnafu ZERIHUN, 20 Jan 1993, ETH, "10 Kilometres Road, 30:06 , 27 MAY 2019", "USA", "946", "International Team Challenge, Boulder, CO", "E", "F", "11"
Yitayal Atnafu ZERIHUN, 20 Jan 1993, ETH, "Marathon, 2:08:31 , 14 APR 2019", "FRA", "1185", "Schneider Electric Marathon de Paris, Paris", "GL", "F", "7"
Yitayal Atnafu ZERIHUN, 20 Jan 1993, ETH, "Marathon, 2:10:08 , 20 JAN 2019", "USA", "1158", "Chevron Houston Marathon, Houston, TX", "A", "F", "2"
Amos MITEI, 10 Mar 1992, KEN, "Marathon, 2:14:49 , 14 APR 2024", "GER", "1082", "ADAC Marathon Hannover, Hannover", "E", "F", "6"
Eliud KIPTANUI, 06 Jun 1989, KEN, "Marathon, DNF , 08 SEP 2019", "CHN", "Taiyuan International Marathon, Taiyuan", "GL", "F"
Eliud KIPTANUI, 06 Jun 1989, KEN, "Marathon, 2:14:15 , 06 JAN 2019", "CHN", "1091", "Xiamen International Marathon, Xiamen", "GL", "F", "7"
Stephen KIPROTICH, 27 Feb 1989, UGA, "Marathon, 2:15:04 , 05 OCT 2019", "QAT", "1078", "IAAF World Championships in Athletics, Corniche, Doha", "OW", "F", "18"
Stephen KIPROTICH, 27 Feb 1989, UGA, "Half Marathon, 1:05:08 , 25 AUG 2019", "AUT", "989", "Half Marathon, Klagenfurt", "E", "F", "8"
Stephen KIPROTICH, 27 Feb 1989, UGA, "Half Marathon, 1:04:11 , 30 JUN 2019", "GER", "1024", "Hella Hamburg Halbmarathon, Hamburg", "E", "F", "1"
Stephen KIPROTICH, 27 Feb 1989, UGA, "Marathon, 2:08:31 , 28 APR 2019", "GER", "1185", "Haspa Marathon Hamburg, Hamburg", "E", "F", "3"
Al Mahjoub DAZZA, 03 Mar 1991, MAR, "Marathon,  -  , 01 DEC 2019", "JPN", "The 73rd Fukuoka International Open Marathon Championships, Fukuoka", "GL", "F", " - ", "DQ"
Al Mahjoub DAZZA, 03 Mar 1991, MAR, "Marathon,  -  , 05 MAY 2019", "CZE", "Volkswagen Prague Marathon, Praha", "GL", "F", " - ", "DQ"
Abraham KIPROTICH, 17 Aug 1983, FRA, "Marathon, 2:10:55 , 11 NOV 2018", "TUR", "1145", "Istanbul Marathon, Istanbul", "GL", "F", "3"
Abraham KIPROTICH, 17 Aug 1983, FRA, "Marathon, 2:41:23 , 08 SEP 2018", "CHN", "698", "Taiyuan Marathon, Taiyuan", "A", "F", "15"
Abraham KIPROTICH, 17 Aug 1983, FRA, "Marathon, 2:15:04 , 10 FEB 2018", "NGR", "1078", "Lagos Marathon, Lagos", "B", "F", "1"
Tsegaye KEBEDE, 15 Jan 1987, ETH, "Marathon, 2:07:54 , 01 DEC 2019", "ESP", "1195", "Maratón Valencia Trinidad Alfonso EDP, Valencia", "GL", "F", "12"
Marius KIMUTAI, 10 Dec 1992, BRN, "Marathon, 2:10:05 , 03 NOV 2019", "CHN", "1159", "Hangzhou Marathon, Hangzhou", "GL", "F", "1"
Marius KIMUTAI, 10 Dec 1992, BRN, "Marathon, 2:09:43 , 08 SEP 2019", "CHN", "1165", "Taiyuan International Marathon, Taiyuan", "GL", "F", "1"
Marius KIMUTAI, 10 Dec 1992, BRN, "Marathon, 2:10:37 , 31 MAR 2019", "CHN", "1150", "Chongqing International Marathon, Chongqing", "GL", "F", "4"
Laban MUTAI, 15 Jan 1988, KEN, "Marathon, 2:06:40 , 13 OCT 2019", "NED", "1216", "Eindhoven Marathon, Eindhoven", "E", "F", "1"
Laban MUTAI, 15 Jan 1988, KEN, "Half Marathon, 1:03:15 , 25 AUG 2019", "AUT", "1059", "Half Marathon, Klagenfurt", "E", "F", "6"
Laban MUTAI, 15 Jan 1988, KEN, "Marathon, 2:08:07 , 10 MAR 2019", "ESP", "1192", "Zurich Marató Barcelona, Barcelona", "B", "F", "6"
Jake ROBERTSON, 14 Nov 1989, NZL, "10 Kilometres Road, 28:37 *, 04 JUL 2024", "USA", "1063", "Atlanta Journal Constitution Peachtree Road Race, Atlanta, GA", "E", "F", "7"
Abdi Ibrahim ABDO, 24 Apr 1997, BRN, "Marathon, DNF , 01 DEC 2019", "JPN", "The 73rd Fukuoka International Open Marathon Championships, Fukuoka", "GL", "F"
Daniele MEUCCI, 07 Oct 1985, ITA, "10 Kilometres Road, 29:44 , 31 DEC 2019", "ITA", "977", "Atleticom We Run Rome, Roma", "E", "F", "2"
Daniele MEUCCI, 07 Oct 1985, ITA, "Marathon, 2:10:52 , 27 OCT 2019", "GER", "1146", "Mainova Frankfurt Marathon, Frankfurt", "GL", "F", "8"
Daniele MEUCCI, 07 Oct 1985, ITA, "Marathon, DNF , 05 OCT 2019", "QAT", "IAAF World Championships in Athletics, Corniche, Doha", "OW", "F"
Daniele MEUCCI, 07 Oct 1985, ITA, "Half Marathon, 1:02:49 , 25 AUG 2019", "AUT", "1076", "Half Marathon, Klagenfurt", "E", "F", "4"
Daniele MEUCCI, 07 Oct 1985, ITA, "10,000 Metres, 28:38.35 , 06 JUL 2019", "GBR", "1074", "European 10,000m Cup - Night of the 10,000m PB’s, London", "C", "F1", "17"
Daniele MEUCCI, 07 Oct 1985, ITA, "10 Kilometres Road, 29:18 , 16 JUN 2019", "ITA", "1015", "Trofeo Città di Telesia, Telese Terme", "E", "F", "2"
Daniele MEUCCI, 07 Oct 1985, ITA, "10 Kilometres Road, 28:19 , 25 MAY 2019", "ITA", "1103", "Scalata al Castello, Arezzo", "E", "F", "3"
Daniele MEUCCI, 07 Oct 1985, ITA, "Marathon, 2:12:00 , 28 APR 2019", "GER", "1127", "Haspa Marathon Hamburg, Hamburg", "E", "F", "15"
Daniele MEUCCI, 07 Oct 1985, ITA, "Marathon, DNF , 07 APR 2019", "ITA", "Maratona Internazionale di Roma, Roma", "A", "F"
Felix KIMUTAI, 12 Feb 1989, KEN, "Marathon, 2:10:50 , 03 NOV 2019", "TUR", "1146", "Istanbul Marathon, Istanbul", "GL", "F", "3"
Felix KIMUTAI, 12 Feb 1989, KEN, "Marathon, 2:09:23 , 20 APR 2019", "CHN", "1170", "Yellow River Estuary International Marathon, Dongying", "GL", "F", "1"
Marius KIPSEREM, 17 May 1988, KEN, "Marathon, 2:04:11 , 07 APR 2019", "NED", "1259", "NN Marathon Rotterdam, Rotterdam", "GL", "F", "1"
Amanuel MESEL, 29 Dec 1990, ERI, "Marathon, DNF , 01 DEC 2019", "JPN", "The 73rd Fukuoka International Open Marathon Championships, Fukuoka", "GL", "F"
Amanuel MESEL, 29 Dec 1990, ERI, "Half Marathon, 1:03:03 , 20 OCT 2019", "POR", "1067", "Luso Meia Maratona, Lisboa", "A", "F", "8"
Amanuel MESEL, 29 Dec 1990, ERI, "Marathon, 2:16:27 , 25 AUG 2019", "MEX", "1056", "Maratón Ciudad de México, Ciudad de México", "GL", "F", "3"
Amanuel MESEL, 29 Dec 1990, ERI, "8 Kilometres Road, 23:48 , 13 JUL 2019", "USA", "8K, Kingsport, TN", "F", "F", "8"
Amanuel MESEL, 29 Dec 1990, ERI, "Marathon, DNF , 10 MAR 2019", "JPN", "Lake Biwa Marathon, Otsu", "GL", "F"
Felix KIPROTICH, 07 Dec 1988, KEN, "Marathon, 2:12:19 , 01 DEC 2019", "ESP", "1122", "Maratón Valencia Trinidad Alfonso EDP, Valencia", "GL", "F", "32"
Felix KIPROTICH, 07 Dec 1988, KEN, "Marathon, 2:09:49 , 15 SEP 2019", "AUS", "1163", "Blackmores Sydney Marathon, Sydney", "GL", "F", "1"
Felix KIPROTICH, 07 Dec 1988, KEN, "Marathon, 2:05:33 , 07 APR 2019", "KOR", "1235", "International Marathon, Daegu", "A", "F", "1"
Deme Tadu ABATE, 11 Sep 1997, ETH, "Marathon, 2:06:13 , 20 OCT 2019", "NED", "1224", "TCS Amsterdam Marathon, Amsterdam", "GL", "F", "6"
Deme Tadu ABATE, 11 Sep 1997, ETH, "Half Marathon, 1:02:10 , 15 SEP 2019", "DEN", "1101", "Copenhagen Half Marathon, København", "A", "F", "17"
Deme Tadu ABATE, 11 Sep 1997, ETH, "Marathon, 2:08:25 , 28 APR 2019", "GER", "1187", "Haspa Marathon Hamburg, Hamburg", "E", "F", "1"
Philemon RONO, 08 Feb 1991, KEN, "Marathon, 2:05:00 , 20 OCT 2019", "CAN", "1245", "Scotiabank Toronto Waterfront Marathon, Toronto", "GL", "F", "1"
Philemon RONO, 08 Feb 1991, KEN, "Half Marathon, 1:01:24 , 31 AUG 2019", "FRA", "1131", "Semi Marathon, Lille", "E", "F", "12"
Philemon RONO, 08 Feb 1991, KEN, "Marathon, 2:08:57 *, 15 APR 2019", "USA", "1159", "B.A.A. Boston Marathon, Boston, MA", "GL", "F", "6"
Bazu WORKU HAYLA, 15 Sep 1990, ETH, "Marathon, 2:15:59 , 01 DEC 2019", "CHN", "1063", "SCO Kunming International Marathon, Kunming", "B", "F", "4"
Bazu WORKU HAYLA, 15 Sep 1990, ETH, "Marathon, 2:10:56 , 03 NOV 2019", "CHN", "1145", "CFLD Beijing Marathon, Beijing", "GL", "F", "4"
Bazu WORKU HAYLA, 15 Sep 1990, ETH, "Marathon, 2:12:09 , 12 MAY 2019", "CHN", "1125", "ICBC Cup - Dalian International Marathon, Dalian", "A", "F", "7"
Bazu WORKU HAYLA, 15 Sep 1990, ETH, "Marathon, DNF , 07 APR 2019", "KOR", "International Marathon, Daegu", "A", "F"
Asbel KIPSANG, 10 Sep 1993, KEN, "Marathon, 2:11:55 , 24 NOV 2019", "ITA", "1129", "Asics Firenze Marathon, Firenze", "B", "F", "2"
Asbel KIPSANG, 10 Sep 1993, KEN, "Marathon, 2:13:49 , 12 MAY 2019", "CHN", "1098", "ICBC Cup - Dalian International Marathon, Dalian", "A", "F", "10"
Asbel KIPSANG, 10 Sep 1993, KEN, "Marathon, DNF , 06 JAN 2019", "CHN", "Xiamen International Marathon, Xiamen", "GL", "F"
Stephen CHEMLANY, 09 Aug 1982, KEN, "Marathon, 2:06:22 , 20 OCT 2019", "POR", "1221", "EDP Maratona de Lisboa, Lisboa", "A", "F", "3"
Augustino Paulo SULLE, 13 Oct 1997, TAN, "Marathon, DNF , 05 OCT 2019", "QAT", "IAAF World Championships in Athletics, Corniche, Doha", "OW", "F"
Augustino Paulo SULLE, 13 Oct 1997, TAN, "Marathon, 2:12:42 , 10 MAR 2019", "JPN", "1116", "Lake Biwa Marathon, Otsu", "GL", "F", "17"
Tesfamriam Samuel TSEGAY, 24 Feb 1988, ERI, "Marathon, 2:09:32 , 08 DEC 2019", "CHN", "1168", "Guangzhou Marathon, Guangzhou", "GL", "F", "5"
Tesfamriam Samuel TSEGAY, 24 Feb 1988, ERI, "10 Kilometres Road, 28:39 , 19 OCT 2019", "NOR", "1073", "Hytteplanmila, Hole", "E", "F", "2"
Tesfamriam Samuel TSEGAY, 24 Feb 1988, ERI, "Half Marathon, 1:07:14 , 28 JUL 2019", "COL", "913", "Media Maraton de Bogota, Bogotá", "A", "F", "8"
Tesfamriam Samuel TSEGAY, 24 Feb 1988, ERI, "Half Marathon, 1:04:25 , 24 FEB 2019", "MEX", "1015", "Medio Maratón Internacional Electrolit Guadalajara, Guadalajara", "A", "F", "7"
Yuki KAWAUCHI, 05 Mar 1987, JPN, "Marathon, 2:14:17 , 15 DEC 2019", "JPN", "1090", "Hofu Marathon, Hofu", "E", "F", "7"
Yuki KAWAUCHI, 05 Mar 1987, JPN, "Marathon, 2:12:50 , 01 DEC 2019", "JPN", "1114", "The 73rd Fukuoka International Open Marathon Championships, Fukuoka", "GL", "F", "11"
Yuki KAWAUCHI, 05 Mar 1987, JPN, "Marathon, 2:17:59 , 05 OCT 2019", "QAT", "1032", "IAAF World Championships in Athletics, Corniche, Doha", "OW", "F", "29"
Yuki KAWAUCHI, 05 Mar 1987, JPN, "5000 Metres, 14:29.98 , 17 JUL 2019", "JPN", "902", "Hokuren Distance Challenge, Kitami", "F", "F4", "3"
Yuki KAWAUCHI, 05 Mar 1987, JPN, "5000 Metres, 14:33.19 , 13 JUL 2019", "JPN", "892", "Hokuren Distance Challenge, Shibetsu", "F", "F3", "6"
Yuki KAWAUCHI, 05 Mar 1987, JPN, "Marathon, 2:15:32 , 07 JUL 2019", "AUS", "1070", "Gold Coast Marathon, Gold Coast", "GL", "F", "13"
Yuki KAWAUCHI, 05 Mar 1987, JPN, "Half Marathon, 1:04:27 , 12 MAY 2019", "JPN", "1014", "Half Marathon, Sendai", "E", "F", "14"
Yuki KAWAUCHI, 05 Mar 1987, JPN, "Marathon, 2:15:01 *, 05 MAY 2019", "CAN", "1071", "BMO Vancouver Marathon, Vancouver", "E", "F", "1"
Yuki KAWAUCHI, 05 Mar 1987, JPN, "Half Marathon, 1:04:20 , 28 APR 2019", "JPN", "1018", "Seiryu Half Marathon, Gifu", "A", "F", "22"
Yuki KAWAUCHI, 05 Mar 1987, JPN, "Marathon, 2:15:29 *, 15 APR 2019", "USA", "1052", "B.A.A. Boston Marathon, Boston, MA", "GL", "F", "17"
Yuki KAWAUCHI, 05 Mar 1987, JPN, "Marathon, 2:09:21 , 10 MAR 2019", "JPN", "1171", "Lake Biwa Marathon, Otsu", "GL", "F", "8"
Yuki KAWAUCHI, 05 Mar 1987, JPN, "Half Marathon, 1:03:46 , 03 MAR 2019", "JPN", "Kanaguri Hai Half Marathon, Tamana", "F", "F", "11", "UNC"
Yuki KAWAUCHI, 05 Mar 1987, JPN, "Marathon, 2:13:41 , 24 FEB 2019", "JPN", "1100", "Marathon, Shizuoka", "F", "F", "1"
Yuki KAWAUCHI, 05 Mar 1987, JPN, "30 Kilometres Road, 1:32:50 , 17 FEB 2019", "JPN", "1073", "Kumanichi Road Race, Kumamoto", "F", "F", "10"
Yuki KAWAUCHI, 05 Mar 1987, JPN, "Half Marathon, 1:04:04 , 20 JAN 2019", "JPN", "Okukuma Half Marathon, Kumamoto", "F", "F", "9", "UNC"
Mark KORIR, 06 Aug 1988, KEN, "Marathon, DNF , 24 SEP 2023", "GER", "BMW Berlin Marathon, Berlin", "GW", "F"
Mark KORIR, 06 Aug 1988, KEN, "Marathon, 2:14:37 *, 17 APR 2023", "USA", "1066", "B.A.A. Boston Marathon, Boston, MA", "GW", "F", "22"
Solomon Kirwa YEGO, 10 May 1987, KEN, "Marathon, 2:09:45 , 03 NOV 2019", "CHN", "1164", "CFLD Beijing Marathon, Beijing", "GL", "F", "2"
Solomon Kirwa YEGO, 10 May 1987, KEN, "Half Marathon, 1:01:25 , 15 SEP 2019", "DEN", "1130", "Copenhagen Half Marathon, København", "A", "F", "13"
Solomon Kirwa YEGO, 10 May 1987, KEN, "Marathon, 2:07:30 , 05 MAY 2019", "CZE", "1202", "Volkswagen Prague Marathon, Praha", "GL", "F", "4"
Solomon Kirwa YEGO, 10 May 1987, KEN, "Half Marathon, 1:00:47 , 17 MAR 2019", "POR", "1155", "EDP Meia Maratona de Lisboa, Lisboa", "A", "F", "13"
Kenneth KIPLAGAT, 14 Aug 1990, KEN, "Marathon, 2:11:31 , 27 OCT 2019", "CHN", "1135", "Dongfeng Nissan Chengdu Marathon, Chengdu", "E", "F", "6"
Kenneth KIPLAGAT, 14 Aug 1990, KEN, "Marathon, 2:12:36 , 14 APR 2019", "CHN", "1118", "Dongfeng Renault Wuhan Marathon, Wuhan", "B", "F", "5"
Kenneth KIPLAGAT, 14 Aug 1990, KEN, "Half Marathon, 1:06:14 , 08 FEB 2019", "UAE", "949", "RAK Half Marathon, Ras Al Khaimah", "E", "F", "23"
Daniel KINYUA, 25 May 1992, KEN, "10,000 Metres,  -  , 11 JUL 2019", "KEN", "Kenya Police Ch., Nairobi", "F", "F", " - ", "DQ"
Daniel KINYUA, 25 May 1992, KEN, "Marathon,  -  , 28 APR 2019", "GBR", "Virgin Money London Marathon, London", "GL", "F", " - ", "DQ"
Daniel KINYUA, 25 May 1992, KEN, "Half Marathon,  -  , 10 MAR 2019", "GBR", "Vitality Big Half Marathon, London", "E", "F", " - ", "DQ"
Evans KORIR, 10 Jul 1987, KEN, "Marathon, 2:08:48 , 08 DEC 2019", "MEX", "1180", "Maratón Powerade Monterrey, Monterrey", "E", "F", "1"
Evans KORIR, 10 Jul 1987, KEN, "Half Marathon, 1:01:35 , 22 SEP 2019", "POR", "1123", "Hyundai Porto Half Marathon, Porto", "C", "F", "5"
Evans KORIR, 10 Jul 1987, KEN, "Marathon, 2:07:09 , 07 APR 2019", "KOR", "1208", "International Marathon, Daegu", "A", "F", "5"
Kipkemoi KIPSANG, 10 Oct 1990, KEN, "Marathon, 2:12:45 , 15 SEP 2019", "RSA", "1115", "Sanlam Cape Town Marathon, Cape Town", "GL", "F", "8"
Kipkemoi KIPSANG, 10 Oct 1990, KEN, "Marathon, 2:08:58 , 27 APR 2019", "ESP", "1177", "Rock 'n' Roll Madrid Maraton, Madrid", "GL", "F", "2"
Kipkemoi KIPSANG, 10 Oct 1990, KEN, "Marathon, 2:14:44 , 20 JAN 2019", "IND", "1083", "Tata Mumbai Marathon, Mumbai", "GL", "F", "9"
Saïd AÏT ADDI, 29 Jun 1982, MAR, "10 Kilometres Road, 29:49 *, 24 NOV 2019", "ESP", "940", "Carrera popular de Canillejas (Trofeo José Cano), Madrid", "E", "F", "6"
Saïd AÏT ADDI, 29 Jun 1982, MAR, "Half Marathon, 1:07:07 , 28 SEP 2019", "ESP", "Medio Maratón Abel Antón, Soria", "F", "F", "1", "UNC"
Saïd AÏT ADDI, 29 Jun 1982, MAR, "Half Marathon, 1:07:26 , 21 SEP 2019", "ESP", "Medio Maratón Bajo Pas, Oruna de Pielagos", "F", "F", "3", "UNC"
Saïd AÏT ADDI, 29 Jun 1982, MAR, "Half Marathon, 1:06:29 , 05 MAY 2019", "ESP", "940", "Half Marathon, Gijón", "E", "F", "4"
Saïd AÏT ADDI, 29 Jun 1982, MAR, "10 Kilometres Road, 30:28 , 13 APR 2019", "ESP", "915", "10 km, Langreo", "E", "F", "3"
Saïd AÏT ADDI, 29 Jun 1982, MAR, "Half Marathon, 1:05:03 , 24 MAR 2019", "ESP", "Half Marathon, Elche", "F", "F", "4", "UNC"
Javier GUERRA, 10 Nov 1983, ESP, "Marathon, 2:10:19 , 27 APR 2019", "ESP", "1155", "Rock 'n' Roll Madrid Maraton, Madrid", "GL", "F", "5"
Javier GUERRA, 10 Nov 1983, ESP, "Half Marathon, 1:03:57 , 07 APR 2019", "ESP", "1033", "Movistar Medio Maratón de Madrid, Madrid", "C", "F", "10"
Javier GUERRA, 10 Nov 1983, ESP, "Half Marathon, 1:03:29 , 27 JAN 2019", "ESP", "Gran Canaria Half Marathon, Las Palmas", "E", "F", "4", "UNC"
Joel Kemboi KIMURER, 21 Jan 1988, KEN, "Marathon, 2:06:21 , 06 DEC 2019", "UAE", "1222", "ADNOC Abu Dhabi Marathon, Abu Dhabi", "E", "F", "2"
Joel Kemboi KIMURER, 21 Jan 1988, KEN, "Marathon, 2:09:05 , 29 SEP 2019", "CHN", "1175", "Hengshui Lake International Marathon, Hengshui", "GL", "F", "3"
Joel Kemboi KIMURER, 21 Jan 1988, KEN, "Marathon, 2:11:13 , 17 FEB 2019", "HKG", "1140", "Standard Chartered Hong Kong Marathon, Hong Kong", "GL", "F", "4"
Elisha ROTICH, 12 Apr 1990, KEN, "Marathon, 2:06:54 , 07 APR 2024", "FRA", "1212", "Schneider Electric Marathon de Paris, Paris", "B", "F", "3"
Shogo NAKAMURA, 01 Sep 1992, JPN, "Marathon, 2:11:28 , 15 SEP 2019", "JPN", "1136", "Marathon Grand Championships, Tokyo", "B", "F", "1"
Shogo NAKAMURA, 01 Sep 1992, JPN, "10,000 Metres, 28:44.06 , 18 MAY 2019", "JPN", "1065", "61st East Japan Corporate Teams Championships, Kumagaya", "F", "F2", "8"
Shogo NAKAMURA, 01 Sep 1992, JPN, "5000 Metres, 13:47.51 , 04 MAY 2019", "JPN", "1042", "Golden Games, Nobeoka", "F", "F1", "9"
Shogo NAKAMURA, 01 Sep 1992, JPN, "Marathon, 2:14:52 , 03 MAR 2019", "JPN", "1081", "Tokyo Marathon, Tokyo", "GL", "F", "15"
Hayle LEMI, 13 Sep 1994, ETH, "Marathon, 2:05:09 , 20 OCT 2019", "CAN", "1242", "Scotiabank Toronto Waterfront Marathon, Toronto", "GL", "F", "2"
Hayle LEMI, 13 Sep 1994, ETH, "Marathon, DNF *, 15 APR 2019", "USA", "B.A.A. Boston Marathon, Boston, MA", "GL", "F"
Julius TUWEI, 26 Sep 1993, KEN, "Marathon, 2:10:59 , 15 DEC 2019", "CHN", "1144", "Shenzhen Marathon, Shenzhen", "GL", "F", "3"
Julius TUWEI, 26 Sep 1993, KEN, "Marathon, 2:11:00 , 10 NOV 2019", "CHN", "1144", "Hefei International Marathon, Hefei", "A", "F", "3"
Julius TUWEI, 26 Sep 1993, KEN, "Marathon, 2:14:04 , 19 MAY 2019", "LAT", "1094", "Tet Riga Marathon, Riga", "GL", "F", "3"
Julius TUWEI, 26 Sep 1993, KEN, "Marathon, 2:16:27 , 17 FEB 2019", "HKG", "1056", "Standard Chartered Hong Kong Marathon, Hong Kong", "GL", "F", "12"
Reuben KERIO, 02 Jun 1994, KEN, "Marathon, 2:07:00 , 13 OCT 2019", "NED", "1210", "Eindhoven Marathon, Eindhoven", "E", "F", "2"
Reuben KERIO, 02 Jun 1994, KEN, "Marathon, 2:08:18 , 27 APR 2019", "ESP", "1189", "Rock 'n' Roll Madrid Maraton, Madrid", "GL", "F", "1"
Reuben KERIO, 02 Jun 1994, KEN, "Half Marathon, 1:06:17 , 03 FEB 2019", "PUR", "San Blas Half Marathon, Coamo", "E", "F", "3", "UNC"
Andrew Ben KIMTAI, 12 Aug 1989, KEN, "Marathon, 2:11:58 , 27 OCT 2019", "ITA", "1128", "Huawei Venice Marathon, Venezia", "B", "F", "3"
Andrew Ben KIMTAI, 12 Aug 1989, KEN, "Marathon, 2:10:06 , 14 APR 2019", "CHN", "1159", "Dongfeng Renault Wuhan Marathon, Wuhan", "B", "F", "1"
Raymond Kipchumba CHOGE, 02 Jan 1988, KEN, "Marathon, 2:11:38 , 01 DEC 2019", "JPN", "1133", "The 73rd Fukuoka International Open Marathon Championships, Fukuoka", "GL", "F", "8"
Raymond Kipchumba CHOGE, 02 Jan 1988, KEN, "Marathon, 2:09:02 , 07 APR 2019", "AUT", "1176", "Vienna City Marathon, Wien", "GL", "F", "4"
Adugna TAKELE BIKILA, 26 Feb 1989, ETH, "Half Marathon, 1:04:21 , 15 DEC 2019", "THA", "1018", "Bangsaen21 Half Marathon, Chon Buri", "B", "F", "3"
Adugna TAKELE BIKILA, 26 Feb 1989, ETH, "Marathon, 2:10:46 , 27 OCT 2019", "CHN", "1148", "Dongfeng Nissan Chengdu Marathon, Chengdu", "E", "F", "3"
Adugna TAKELE BIKILA, 26 Feb 1989, ETH, "Marathon, 2:10:28 , 26 MAY 2019", "CAN", "1152", "Scotiabank Ottawa Marathon, Ottawa", "GL", "F", "5"
Adugna TAKELE BIKILA, 26 Feb 1989, ETH, "Half Marathon, 1:00:26 , 07 APR 2019", "TUR", "1169", "Vodafone Istanbul Half Marathon, Istanbul", "A", "F", "5"
Adugna TAKELE BIKILA, 26 Feb 1989, ETH, "Marathon, 2:06:32 , 25 JAN 2019", "UAE", "1218", "Standard Chartered Dubai Marathon, Dubai", "GL", "F", "7"
Hillary KIPSAMBU, 04 Feb 1985, KEN, "Marathon, 2:09:33 , 06 OCT 2019", "SVK", "1168", "Košice Peace Marathon, Košice", "A", "F", "1"
Hillary KIPSAMBU, 04 Feb 1985, KEN, "10 Miles Road, 47:41 , 17 AUG 2019", "GER", "1056", "Jever-Fun-Lauf 10M, Schortens", "E", "F", "2"
Hillary KIPSAMBU, 04 Feb 1985, KEN, "Marathon, 2:11:53 , 14 APR 2019", "FRA", "1129", "Schneider Electric Marathon de Paris, Paris", "GL", "F", "9"
Vincent KIPRUTO, 13 Sep 1987, KEN, "Marathon, 2:16:58 , 17 NOV 2019", "CHN", "1048", "Shanghai International Marathon, Shanghai", "GL", "F", "12"
Aychew BANTIE, 12 Sep 1995, ETH, "15 Kilometres Road, 43:34 , 01 DEC 2019", "NED", "1098", "Pfixx Solar Montferland Run, Heerenberg", "E", "F", "7"
Aychew BANTIE, 12 Sep 1995, ETH, "Marathon, 2:08:51 , 29 SEP 2019", "CHN", "1179", "Hengshui Lake International Marathon, Hengshui", "GL", "F", "1"
Aychew BANTIE, 12 Sep 1995, ETH, "Marathon, 2:06:23 , 05 MAY 2019", "CZE", "1221", "Volkswagen Prague Marathon, Praha", "GL", "F", "2"
Aychew BANTIE, 12 Sep 1995, ETH, "Marathon, 2:10:05 , 20 JAN 2019", "IND", "1159", "Tata Mumbai Marathon, Mumbai", "GL", "F", "2"
Herpasa NEGASA, 11 Sep 1993, ETH, "Half Marathon, 1:00:41 , 15 MAR 2019", "BRN", "1159", "Bahrain Night Half Marathon, Manama", "E", "F", "8"
Herpasa NEGASA, 11 Sep 1993, ETH, "Marathon, 2:03:40 , 25 JAN 2019", "UAE", "1268", "Standard Chartered Dubai Marathon, Dubai", "GL", "F", "2"
Emmanuel SAINA, 06 Sep 1992, KEN, "Marathon, 2:10:22 , 01 DEC 2019", "ESP", "1154", "Maratón Valencia Trinidad Alfonso EDP, Valencia", "GL", "F", "17"
Emmanuel SAINA, 06 Sep 1992, KEN, "Marathon, DNF , 13 OCT 2019", "USA", "Bank of America Chicago Marathon, Chicago, IL", "GL", "F"
Emmanuel SAINA, 06 Sep 1992, KEN, "Half Marathon, 1:01:20 , 25 AUG 2019", "ARG", "1133", "Half Marathon, Buenos Aires", "E", "F", "5"
Emmanuel SAINA, 06 Sep 1992, KEN, "Marathon, 2:05:42 , 07 APR 2019", "NED", "1233", "NN Marathon Rotterdam, Rotterdam", "GL", "F", "3"
Emmanuel SAINA, 06 Sep 1992, KEN, "Marathon, 2:05:02 , 25 JAN 2019", "UAE", "1244", "Standard Chartered Dubai Marathon, Dubai", "GL", "F", "4"
Tsedat Abege AYANA, 18 Feb 1996, ETH, "Marathon, DNF , 01 DEC 2019", "JPN", "The 73rd Fukuoka International Open Marathon Championships, Fukuoka", "GL", "F"
Tsedat Abege AYANA, 18 Feb 1996, ETH, "Marathon, 2:08:53 , 26 MAY 2019", "CAN", "1179", "Scotiabank Ottawa Marathon, Ottawa", "GL", "F", "3"
Tsedat Abege AYANA, 18 Feb 1996, ETH, "Half Marathon, 1:00:44 , 21 APR 2019", "CHN", "1157", "Jianzhen International Half Marathon, Yangzhou", "A", "F", "6"
Tsedat Abege AYANA, 18 Feb 1996, ETH, "Marathon, 2:06:36 , 17 FEB 2019", "ESP", "1217", "Zurich Maratón de Sevilla, Sevilla", "GL", "F", "1"
Barnabas KIPTUM, 08 Dec 1986, KEN, "Marathon, 2:06:33 , 20 OCT 2019", "POR", "1218", "EDP Maratona de Lisboa, Lisboa", "A", "F", "4"
Barnabas KIPTUM, 08 Dec 1986, KEN, "Marathon, 2:08:02 , 07 JUL 2019", "AUS", "1193", "Gold Coast Marathon, Gold Coast", "GL", "F", "2"
Barnabas KIPTUM, 08 Dec 1986, KEN, "Marathon, 2:09:20 , 17 FEB 2019", "HKG", "1171", "Standard Chartered Hong Kong Marathon, Hong Kong", "GL", "F", "1"
Berga BIRHANU BEKELE, 20 Apr 1981, ETH, "Marathon, 2:11:08 , 08 SEP 2019", "CHN", "1141", "Taiyuan International Marathon, Taiyuan", "GL", "F", "5"
Berga BIRHANU BEKELE, 20 Apr 1981, ETH, "Marathon, 2:06:41 , 17 FEB 2019", "ESP", "1216", "Zurich Maratón de Sevilla, Sevilla", "GL", "F", "3"
Birhanu LEGESE, 11 Sep 1994, ETH, "Marathon, 2:02:48 , 29 SEP 2019", "GER", "1283", "BMW BERLIN-MARATHON, Berlin", "GL", "F", "2"
Birhanu LEGESE, 11 Sep 1994, ETH, "10 Kilometres Road, 28:23 , 19 MAY 2019", "IND", "1097", "TCS World 10K, Bengaluru", "A", "F", "3"
Birhanu LEGESE, 11 Sep 1994, ETH, "Marathon, 2:04:48 , 03 MAR 2019", "JPN", "1248", "Tokyo Marathon, Tokyo", "GL", "F", "1"
Bedan KAROKI, 21 Aug 1990, KEN, "Marathon, 2:05:53 , 13 OCT 2019", "USA", "1229", "Bank of America Chicago Marathon, Chicago, IL", "GL", "F", "4"
Bedan KAROKI, 21 Aug 1990, KEN, "Half Marathon, 59:05 , 25 AUG 2019", "ARG", "1223", "Half Marathon, Buenos Aires", "E", "F", "1"
Bedan KAROKI, 21 Aug 1990, KEN, "10 Kilometres Road, 29:32 , 19 MAY 2019", "IND", "995", "TCS World 10K, Bengaluru", "A", "F", "9"
Bedan KAROKI, 21 Aug 1990, KEN, "Half Marathon, 1:01:07 , 28 APR 2019", "JPN", "1142", "Seiryu Half Marathon, Gifu", "A", "F", "2"
Bedan KAROKI, 21 Aug 1990, KEN, "Marathon, 2:06:48 , 03 MAR 2019", "JPN", "1214", "Tokyo Marathon, Tokyo", "GL", "F", "2"
Bedan KAROKI, 21 Aug 1990, KEN, "Half Marathon, 1:00:18 , 20 JAN 2019", "USA", "1174", "Aramco Houston Half Marathon, Houston, TX", "A", "F", "3"
Asefa TEFERA, 14 Mar 1997, ETH, "Marathon, 2:07:47 , 01 DEC 2019", "JPN", "1197", "Osaka Marathon, Osaka", "E", "F", "1"
Asefa TEFERA, 14 Mar 1997, ETH, "Half Marathon, 1:02:49 , 13 OCT 2019", "CHN", "1076", "Changzhou West Taihu Lake Half Marathon, Changzhou", "C", "F", "3"
Asefa TEFERA, 14 Mar 1997, ETH, "Marathon, 2:07:56 , 10 MAR 2019", "JPN", "1195", "Lake Biwa Marathon, Otsu", "GL", "F", "2"
Asefa TEFERA, 14 Mar 1997, ETH, "Half Marathon, 1:02:44 , 08 FEB 2019", "UAE", "1079", "RAK Half Marathon, Ras Al Khaimah", "E", "F", "18"
Philemon KACHERAN, 04 Jul 1992, KEN, "Marathon, 2:06:05 , 01 DEC 2019", "ESP", "1226", "Maratón Valencia Trinidad Alfonso EDP, Valencia", "GL", "F", "5"
Philemon KACHERAN, 04 Jul 1992, KEN, "Marathon, 2:07:12 , 10 MAR 2019", "ESP", "1207", "Zurich Marató Barcelona, Barcelona", "B", "F", "4"
Benson SEUREI, 27 Mar 1984, BRN, "Marathon, 2:20:26 , 30 NOV 2019", "SGP", "994", "Standard Chartered Singapore Marathon, Singapore", "GL", "F", "3"
Benson SEUREI, 27 Mar 1984, BRN, "Marathon, DNF , 05 OCT 2019", "QAT", "IAAF World Championships in Athletics, Corniche, Doha", "OW", "F"
Benson SEUREI, 27 Mar 1984, BRN, "Marathon, 2:16:03 , 02 JUN 2019", "CHN", "1062", "Bank of Lanzhou Cup, Lanzhou", "GL", "F", "9"
Benson SEUREI, 27 Mar 1984, BRN, "Marathon, 2:08:08 , 10 MAR 2019", "JPN", "1191", "Lake Biwa Marathon, Otsu", "GL", "F", "4"
Anthony MARITIM, 12 Nov 1986, KEN, "Marathon, 2:07:52 , 27 OCT 2019", "SLO", "1196", "Volkswagen Ljubljana Marathon, Ljubljana", "GL", "F", "2"
Anthony MARITIM, 12 Nov 1986, KEN, "Half Marathon, 1:02:55 , 25 AUG 2019", "AUT", "1072", "Half Marathon, Klagenfurt", "E", "F", "5"
Anthony MARITIM, 12 Nov 1986, KEN, "Marathon, 2:06:54 , 10 MAR 2019", "ESP", "1212", "Zurich Marató Barcelona, Barcelona", "B", "F", "3"
Thomas KIPLAGAT, 01 Mar 1987, KEN, "Marathon, 2:07:46 , 01 DEC 2019", "ESP", "1198", "Maratón Valencia Trinidad Alfonso EDP, Valencia", "GL", "F", "10"
Thomas KIPLAGAT, 01 Mar 1987, KEN, "Marathon, 2:06:00 , 17 MAR 2019", "KOR", "1227", "Seoul Marathon, Seoul", "GL", "F", "1"
Edwin KOECH, 14 Dec 1987, KEN, "Marathon, 2:09:20 , 15 SEP 2019", "RSA", "1171", "Sanlam Cape Town Marathon, Cape Town", "GL", "F", "1"
Edwin KOECH, 14 Dec 1987, KEN, "Marathon, 2:10:28 , 31 MAR 2019", "CHN", "1152", "Chongqing International Marathon, Chongqing", "GL", "F", "2"
Michael KUNYUGA, 27 Jul 1987, KEN, "Marathon, 2:10:05 , 15 SEP 2019", "AUS", "1159", "Blackmores Sydney Marathon, Sydney", "GL", "F", "2"
Michael KUNYUGA, 27 Jul 1987, KEN, "Marathon, 2:10:33 , 31 MAR 2019", "CHN", "1151", "Chongqing International Marathon, Chongqing", "GL", "F", "3"
Kaan Kigen ÖZBILEN, 15 Jan 1986, TUR, "Marathon, 2:04:16 , 01 DEC 2019", "ESP", "1257", "Maratón Valencia Trinidad Alfonso EDP, Valencia", "GL", "F", "2"
Kaan Kigen ÖZBILEN, 15 Jan 1986, TUR, "10 Kilometres Road, 28:49 , 19 MAY 2019", "IND", "1058", "TCS World 10K, Bengaluru", "A", "F", "7"
Kaan Kigen ÖZBILEN, 15 Jan 1986, TUR, "Marathon, 2:05:27 , 07 APR 2019", "NED", "1237", "NN Marathon Rotterdam, Rotterdam", "GL", "F", "2"
Kaan Kigen ÖZBILEN, 15 Jan 1986, TUR, "Half Marathon, 59:48 , 08 FEB 2019", "UAE", "1194", "RAK Half Marathon, Ras Al Khaimah", "E", "F", "11"
Tadesse ABRAHAM, 12 Aug 1982, SUI, "8 Kilometres Road, 23:20 , 16 NOV 2019", "SUI", "Corrida Bulloise, Bulle", "E", "F", "3"
Tadesse ABRAHAM, 12 Aug 1982, SUI, "20 Kilometres Road, 59:55 , 03 NOV 2019", "SUI", "1048", "Les 20km de Genève by Genève Aéroport, Genève", "E", "F", "1"
Tadesse ABRAHAM, 12 Aug 1982, SUI, "Marathon, 2:11:58 , 05 OCT 2019", "QAT", "1128", "IAAF World Championships in Athletics, Corniche, Doha", "OW", "F", "9"
Tadesse ABRAHAM, 12 Aug 1982, SUI, "10 Miles Road, 49:06 , 11 MAY 2019", "SUI", "983", "Grand Prix, Bern", "E", "F", "2"
Tadesse ABRAHAM, 12 Aug 1982, SUI, "Marathon, 2:07:24 , 07 APR 2019", "AUT", "1204", "Vienna City Marathon, Wien", "GL", "F", "2"
Tadesse ABRAHAM, 12 Aug 1982, SUI, "15 Kilometres Road, 47:31 , 16 MAR 2019", "SUI", "879", "Kerzerslauf 15 km, Kerzers", "E", "F", "6"
Tadesse ABRAHAM, 12 Aug 1982, SUI, "Marathon, 2:09:50 , 25 JAN 2019", "UAE", "1163", "Standard Chartered Dubai Marathon, Dubai", "GL", "F", "10"
Koen NAERT, 03 Sep 1989, BEL, "Marathon, 2:15:51 , 01 DEC 2019", "JPN", "1065", "The 73rd Fukuoka International Open Marathon Championships, Fukuoka", "GL", "F", "17"
Koen NAERT, 03 Sep 1989, BEL, "10 Kilometres Road, 29:20 , 03 AUG 2019", "BEL", "1012", "Belgian 10 km Road Running Championships, Lokeren", "D", "F", "1"
Koen NAERT, 03 Sep 1989, BEL, "5000 Metres, 14:07.20 , 25 MAY 2019", "FIN", "976", "ECCC Group B, Tampere", "F", "F", "1"
Koen NAERT, 03 Sep 1989, BEL, "Marathon, 2:07:39 , 07 APR 2019", "NED", "1200", "NN Marathon Rotterdam, Rotterdam", "GL", "F", "7"
Koen NAERT, 03 Sep 1989, BEL, "10 Kilometres Road, 28:37 , 10 FEB 2019", "NED", "1076", "Groet Uit Run, Schoorl", "E", "F", "2"
Titus EKIRU, 02 Jan 1992, KEN, "15 Kilometres Road, 43:54 , 31 DEC 2019", "BRA", "1079", "Corrida Internacional de São Silvestre, São Paulo", "C", "F", "3"
Titus EKIRU, 02 Jan 1992, KEN, "Marathon, 2:08:00 , 08 DEC 2019", "USA", "1194", "Honolulu Marathon, Honolulu, HI", "E", "F", "1"
Titus EKIRU, 02 Jan 1992, KEN, "Half Marathon, 1:00:12 , 20 OCT 2019", "POR", "1178", "Luso Meia Maratona, Lisboa", "A", "F", "1"
Titus EKIRU, 02 Jan 1992, KEN, "Half Marathon, 1:01:42 , 30 AUG 2019", "MAR", "1119", "African Games, Complexe Sportif Prince Moulay Abdellah, Rabat", "A", "F", "1"
Titus EKIRU, 02 Jan 1992, KEN, "Marathon, 2:04:46 , 07 APR 2019", "ITA", "1249", "Generali Milano Marathon, Milano", "A", "F", "1"
Titus EKIRU, 02 Jan 1992, KEN, "Marathon, DNF , 10 MAR 2019", "JPN", "Lake Biwa Marathon, Otsu", "GL", "F"
Abdi NAGEEYE, 02 Mar 1989, NED, "Marathon, 2:07:39 , 20 OCT 2019", "NED", "1200", "TCS Amsterdam Marathon, Amsterdam - Dutch Marathon Ch.", "B", "F", "9"
Abdi NAGEEYE, 02 Mar 1989, NED, "Half Marathon, 59:55 *, 08 SEP 2019", "GBR", "1182", "South Shields Great North Run, South Shields", "E", "F", "3"
Abdi NAGEEYE, 02 Mar 1989, NED, "Marathon, 2:06:17 , 07 APR 2019", "NED", "1223", "NN Marathon Rotterdam, Rotterdam", "GL", "F", "4"
Abdi NAGEEYE, 02 Mar 1989, NED, "Half Marathon, 1:00:24 , 03 FEB 2019", "JPN", "1170", "Kagawa Marugame International Half Marathon, Marugame", "B", "F", "1"
Solomon MUTAI, 22 Oct 1992, UGA, "Marathon, 2:19:48 , 30 NOV 2019", "SGP", "1003", "Standard Chartered Singapore Marathon, Singapore", "GL", "F", "2"
Solomon MUTAI, 22 Oct 1992, UGA, "Marathon, DNF , 05 OCT 2019", "QAT", "IAAF World Championships in Athletics, Corniche, Doha", "OW", "F"
Solomon MUTAI, 22 Oct 1992, UGA, "Marathon, 2:08:25 , 07 APR 2019", "AUT", "1187", "Vienna City Marathon, Wien", "GL", "F", "3"
Kennedy CHEBOROR, 26 Apr 1990, KEN, "Marathon, 2:08:21 , 20 OCT 2019", "KOR", "1188", "Gyeongju Marathon, Gyeongju", "E", "F", "1"
Kennedy CHEBOROR, 26 Apr 1990, KEN, "Marathon, 2:06:59 , 07 APR 2019", "KOR", "1211", "International Marathon, Daegu", "A", "F", "4"
Vincent RONO, 10 Nov 1990, KEN, "Marathon, 2:08:06 , 27 OCT 2019", "SLO", "1192", "Volkswagen Ljubljana Marathon, Ljubljana", "GL", "F", "3"
Vincent RONO, 10 Nov 1990, KEN, "10,000 Metres, 29:01.82 , 30 MAY 2019", "SWE", "1039", "BAUHAUS-galan, Olympiastadion, Stockholm - Promotional Events", "A", "F", "20"
Vincent RONO, 10 Nov 1990, KEN, "Marathon, 2:07:10 , 07 APR 2019", "NED", "1208", "NN Marathon Rotterdam, Rotterdam", "GL", "F", "5"
Edwin KOECH, 25 Mar 1992, KEN, "Marathon, 2:09:20 , 15 SEP 2019", "RSA", "1171", "Sanlam Cape Town Marathon, Cape Town", "GL", "F", "1"
Edwin KOECH, 25 Mar 1992, KEN, "Marathon, 2:10:28 , 31 MAR 2019", "CHN", "1152", "Chongqing International Marathon, Chongqing", "GL", "F", "2"
Abrha MILAW ASEFA, 27 Feb 1988, ETH, "Marathon, 2:07:05 , 14 APR 2019", "FRA", "1209", "Schneider Electric Marathon de Paris, Paris", "GL", "F", "1"
Barselius KIPYEGO, 22 Jul 1993, KEN, "Marathon, 2:22:13 , 30 NOV 2019", "SGP", "966", "Standard Chartered Singapore Marathon, Singapore", "GL", "F", "5"
Barselius KIPYEGO, 22 Jul 1993, KEN, "Marathon, 2:07:58 , 14 APR 2019", "FRA", "1194", "Schneider Electric Marathon de Paris, Paris", "GL", "F", "5"
Fikadu KEBEDE, , ETH, "Marathon, 2:11:45 , 29 SEP 2019", "CHN", "1131", "Hengshui Lake International Marathon, Hengshui", "GL", "F", "5"
Fikadu KEBEDE, , ETH, "Marathon, 2:27:28 , 27 APR 2019", "ESP", "889", "Rock 'n' Roll Madrid Maraton, Madrid", "GL", "F", "12"
Fikadu KEBEDE, , ETH, "Marathon, 2:09:38 , 20 APR 2019", "CHN", "1166", "Yellow River Estuary International Marathon, Dongying", "GL", "F", "2"
Fikadu KEBEDE, , ETH, "Marathon, 2:08:27 , 25 JAN 2019", "UAE", "1186", "Standard Chartered Dubai Marathon, Dubai", "GL", "F", "9"
Kiprotich KIRUI, 22 Dec 1984, KEN, "Marathon, 2:14:08 , 03 NOV 2019", "MEX", "1093", "Maratón Internacional Megacable Guadalajara, Guadalajara", "B", "F", "1"
Kiprotich KIRUI, 22 Dec 1984, KEN, "Marathon, 2:09:05 , 27 APR 2019", "ESP", "1175", "Rock 'n' Roll Madrid Maraton, Madrid", "GL", "F", "3"
Kiprotich KIRUI, 22 Dec 1984, KEN, "Marathon, 2:22:10 , 02 FEB 2019", "NGR", "967", "Access Bank Lagos City Marathon, Lagos", "B", "F", "8"
Dawit WOLDE, 19 May 1991, ETH, "Marathon, 2:07:10 , 27 OCT 2019", "GER", "1208", "Mainova Frankfurt Marathon, Frankfurt", "GL", "F", "2"
Dawit WOLDE, 19 May 1991, ETH, "Marathon, 2:06:18 , 05 MAY 2019", "CZE", "1222", "Volkswagen Prague Marathon, Praha", "GL", "F", "1"
Dawit WOLDE, 19 May 1991, ETH, "Marathon, 2:11:11 , 17 FEB 2019", "HKG", "1141", "Standard Chartered Hong Kong Marathon, Hong Kong", "GL", "F", "2"
Andualem Belay SHIFERAW, 05 Apr 1992, ETH, "Marathon, 2:06:00 , 20 OCT 2019", "POR", "1227", "EDP Maratona de Lisboa, Lisboa", "A", "F", "1"
Andualem Belay SHIFERAW, 05 Apr 1992, ETH, "Marathon, 2:08:51 , 19 MAY 2019", "LAT", "1179", "Tet Riga Marathon, Riga", "GL", "F", "1"
Andualem Belay SHIFERAW, 05 Apr 1992, ETH, "Marathon, 2:08:16 , 24 FEB 2019", "ESP", "1189", "Maraton internacional ciudad de Castellon, Castellón", "E", "F", "1"
Justus KIMUTAI, 02 Mar 1993, KEN, "Marathon, 2:09:46 , 08 SEP 2019", "CHN", "1164", "Taiyuan International Marathon, Taiyuan", "GL", "F", "2"
Justus KIMUTAI, 02 Mar 1993, KEN, "Marathon, 2:11:47 , 02 JUN 2019", "CHN", "1131", "Bank of Lanzhou Cup, Lanzhou", "GL", "F", "1"
Justus KIMUTAI, 02 Mar 1993, KEN, "Marathon, DNF , 07 APR 2019", "ITA", "Generali Milano Marathon, Milano", "A", "F"
Justus KIMUTAI, 02 Mar 1993, KEN, "Marathon, 2:10:25 , 20 JAN 2019", "USA", "1153", "Chevron Houston Marathon, Houston, TX", "A", "F", "3"
Afewerk MESFIN, 12 Oct 1992, ETH, "Marathon, 2:12:30 , 02 JUN 2019", "CHN", "1119", "Bank of Lanzhou Cup, Lanzhou", "GL", "F", "3"
Afewerk MESFIN, 12 Oct 1992, ETH, "Marathon, 2:09:28 , 06 JAN 2019", "CHN", "1169", "Xiamen International Marathon, Xiamen", "GL", "F", "2"
Christian PACHECO, 26 May 1993, PER, "Marathon, 2:21:15 , 01 DEC 2019", "JPN", "981", "The 73rd Fukuoka International Open Marathon Championships, Fukuoka", "GL", "F", "39"
Christian PACHECO, 26 May 1993, PER, "Marathon, 2:09:31 , 27 JUL 2019", "PER", "1168", "Pan American Games, Lima", "A", "F", "1"
Christian PACHECO, 26 May 1993, PER, "15 Kilometres Road, 46:01 , 02 JUN 2019", "ECU", "959", "Últimas Noticias 15K, Quito", "E", "F", "2"
Dominic RUTO, 05 May 1990, KEN, "Marathon, 2:11:35 , 10 NOV 2019", "CHN", "1134", "Hefei International Marathon, Hefei", "A", "F", "4"
Dominic RUTO, 05 May 1990, KEN, "Marathon, 2:14:43 , 29 SEP 2019", "CHN", "1083", "Hengshui Lake International Marathon, Hengshui", "GL", "F", "6"
Dominic RUTO, 05 May 1990, KEN, "Marathon, 2:09:43 , 20 APR 2019", "CHN", "1165", "Yellow River Estuary International Marathon, Dongying", "GL", "F", "3"
Mohamed ZIANI, 01 Jan 1993, MAR, "Marathon, 2:09:44 , 01 DEC 2019", "JPN", "1165", "Osaka Marathon, Osaka", "E", "F", "3"
Mohamed ZIANI, 01 Jan 1993, MAR, "Half Marathon, 1:01:17 , 03 NOV 2019", "MAR", "1135", "Semi marathon international de L aayoune, Laayoune", "E", "F", "2"
Mohamed ZIANI, 01 Jan 1993, MAR, "Marathon, 2:09:29 , 15 SEP 2019", "RSA", "1169", "Sanlam Cape Town Marathon, Cape Town", "GL", "F", "3"
Mohamed ZIANI, 01 Jan 1993, MAR, "Half Marathon, 1:02:32 , 30 JUN 2019", "MAR", "1087", "Semi Marathon de Casablanca, Casablanca", "E", "F", "3"
Mohamed ZIANI, 01 Jan 1993, MAR, "10 Kilometres Road, 28:53 , 23 JUN 2019", "MAR", "1052", "10 km, Kenitra", "E", "F", "1"
Mohamed ZIANI, 01 Jan 1993, MAR, "10 Kilometres Road, 28:04 , 09 JUN 2019", "MAR", "1126", "Memorial Rahal 10K, Casablanca", "E", "F", "5"
Mohamed ZIANI, 01 Jan 1993, MAR, "10 Kilometres Road, 28:12 , 25 MAY 2019", "CAN", "1113", "10K, Ottawa", "A", "F", "1"
Mohamed ZIANI, 01 Jan 1993, MAR, "Marathon, 2:16:17 , 14 APR 2019", "CHN", "1058", "Dongfeng Renault Wuhan Marathon, Wuhan", "B", "F", "8"
Mohamed ZIANI, 01 Jan 1993, MAR, "10 Kilometres Road, 28:39 , 03 MAR 2019", "MAR", "1073", "Int. 10 km, Taroudant", "E", "F", "8"
Mohamed ZIANI, 01 Jan 1993, MAR, "Half Marathon, 1:03:09 , 24 FEB 2019", "KOR", "1063", "Gyeonggi International Half Marathon, Gyeonggi-Do", "E", "F", "3"
Kenenisa BEKELE, 13 Jun 1982, ETH, "Marathon, 2:01:41 , 29 SEP 2019", "GER", "1302", "BMW BERLIN-MARATHON, Berlin", "GL", "F", "1"
Jonathan KORIR, 20 Nov 1986, KEN, "10 Kilometres Road, 28:48 *, 30 NOV 2019", "KEN", "1017", "Ziwa Farmers 10K, Ziwa", "F", "F", "8"
Jonathan KORIR, 20 Nov 1986, KEN, "Marathon, 2:06:45 , 29 SEP 2019", "GER", "1215", "BMW BERLIN-MARATHON, Berlin", "GL", "F", "4"
Jonathan KORIR, 20 Nov 1986, KEN, "Marathon, 2:10:08 , 28 APR 2019", "GER", "1158", "Haspa Marathon Hamburg, Hamburg", "E", "F", "8"
Jonathan KORIR, 20 Nov 1986, KEN, "Half Marathon, 1:01:10 , 10 FEB 2019", "ESP", "1140", "eDreams Mitja Marató de Barcelona, Barcelona", "A", "F", "4"
Callum HAWKINS, 22 Jun 1992, GBR, "Marathon, 2:10:57 , 05 OCT 2019", "QAT", "1145", "IAAF World Championships in Athletics, Corniche, Doha", "OW", "F", "4"
Callum HAWKINS, 22 Jun 1992, GBR, "Half Marathon, 1:00:39 *, 08 SEP 2019", "GBR", "1152", "South Shields Great North Run, South Shields", "E", "F", "4"
Callum HAWKINS, 22 Jun 1992, GBR, "10 Kilometres Road, 28:55 , 03 AUG 2019", "USA", "1049", "TD Beach to Beacon 10K, Cape Elizabeth, ME", "E", "F", "4"
Callum HAWKINS, 22 Jun 1992, GBR, "10 Kilometres Road, 29:06 , 21 JUN 2019", "GBR", "1032", "Brian Goodwin Memorial 10K, Pollok", "F", "F", "1"
Callum HAWKINS, 22 Jun 1992, GBR, "Marathon, 2:08:14 , 28 APR 2019", "GBR", "1190", "Virgin Money London Marathon, London", "GL", "F", "10"
Callum HAWKINS, 22 Jun 1992, GBR, "Half Marathon, 1:02:52 , 17 MAR 2019", "POR", "1074", "EDP Meia Maratona de Lisboa, Lisboa", "A", "F", "23"
Callum HAWKINS, 22 Jun 1992, GBR, "10 Kilometres Road, 28:55 , 13 JAN 2019", "ESP", "1049", "10K Valencia Ibercaja, Valencia", "C", "F", "19"
Zersenay TADESE, 01 Jan 1982, ERI, "Marathon, 2:11:29 , 05 OCT 2019", "QAT", "1136", "IAAF World Championships in Athletics, Corniche, Doha", "OW", "F", "6"
Derlys AYALA, 07 Jan 1990, PAR, "Marathon, DNF , 05 OCT 2019", "QAT", "IAAF World Championships in Athletics, Corniche, Doha", "OW", "F"
Derlys AYALA, 07 Jan 1990, PAR, "Marathon, 2:10:27 , 22 SEP 2019", "ARG", "1153", "Maratón de Buenos Aires Ñandú - South American Marathon Championships, Buenos Aires - South American Marathon Ch.", "GL", "F", "5"
Derlys AYALA, 07 Jan 1990, PAR, "Half Marathon, 1:05:39 , 25 AUG 2019", "PAR", "970", "International Half Marathon, Asunción - South American Half Marathon Ch.", "A", "F", "3"
Derlys AYALA, 07 Jan 1990, PAR, "Marathon, 2:12:54 , 27 JUL 2019", "PER", "1113", "Pan American Games, Lima", "A", "F", "5"
Derlys AYALA, 07 Jan 1990, PAR, "5000 Metres, 15:01.24 , 04 MAY 2019", "PAR", "806", "Grand Prix de Paraguay, Asunción", "D", "F", "1"
Derlys AYALA, 07 Jan 1990, PAR, "Marathon, 2:13:34 , 28 APR 2019", "GBR", "1102", "Virgin Money London Marathon, London", "GL", "F", "18"
Derlys AYALA, 07 Jan 1990, PAR, "10 Kilometres Road, 28:55 , 09 MAR 2019", "ARG", "1049", "Corrida Ciudad de Cipolletti, Cipolletti", "E", "F", "1"
Kenta MURAYAMA, 23 Feb 1993, JPN, "10 Miles Road, 46:32 , 01 DEC 2019", "JPN", "1118", "Kosa 10 Mile, Kosa", "E", "F", "17"
Kenta MURAYAMA, 23 Feb 1993, JPN, "Marathon, 2:08:56 , 29 SEP 2019", "GER", "1178", "BMW BERLIN-MARATHON, Berlin", "GL", "F", "9"
Kenta MURAYAMA, 23 Feb 1993, JPN, "10,000 Metres, 28:48.73 , 21 SEP 2019", "JPN", "1058", "67th All Japan Corporate Team Championships, Yanmar Stadium Nagai, Osaka", "E", "F2", "9"
Kenta MURAYAMA, 23 Feb 1993, JPN, "5000 Metres, 13:51.32 , 01 JUN 2019", "JPN", "1029", "40th Kitakyushu City Championships, Kitakyushu", "F", "F9", "13"
Kenta MURAYAMA, 23 Feb 1993, JPN, "10,000 Metres, 29:03.56 , 19 MAY 2019", "JPN", "1036", "Japanese 10,000m Championships, Osaka", "B", "F", "12"
Kenta MURAYAMA, 23 Feb 1993, JPN, "Half Marathon, 1:02:47 , 12 MAY 2019", "JPN", "1077", "Half Marathon, Sendai", "E", "F", "3"
Kenta MURAYAMA, 23 Feb 1993, JPN, "Marathon, 2:21:25 , 28 APR 2019", "GER", "979", "Haspa Marathon Hamburg, Hamburg", "E", "F", "38"
Kenta MURAYAMA, 23 Feb 1993, JPN, "Half Marathon, DNF , 03 FEB 2019", "JPN", "Kagawa Marugame International Half Marathon, Marugame", "B", "F"
Bashir ABDI, 10 Feb 1989, BEL, "10 Kilometres Road, 27:47 *, 31 DEC 2019", "ESP", "1119", "Nationale - Nederlanden San Silvestre Vallecana, Madrid", "A", "F", "1"
Bashir ABDI, 10 Feb 1989, BEL, "15 Kilometres Road, 42:29 , 01 DEC 2019", "NED", "1162", "Pfixx Solar Montferland Run, Heerenberg", "E", "F", "5"
Bashir ABDI, 10 Feb 1989, BEL, "Marathon, 2:06:14 , 13 OCT 2019", "USA", "1224", "Bank of America Chicago Marathon, Chicago, IL", "GL", "F", "5"
Bashir ABDI, 10 Feb 1989, BEL, "Half Marathon, 1:01:11 *, 08 SEP 2019", "GBR", "1131", "South Shields Great North Run, South Shields", "E", "F", "5"
Bashir ABDI, 10 Feb 1989, BEL, "10 Kilometres Road, 28:35 , 03 AUG 2019", "USA", "1079", "TD Beach to Beacon 10K, Cape Elizabeth, ME", "E", "F", "2"
Bashir ABDI, 10 Feb 1989, BEL, "Marathon, 2:07:03 , 28 APR 2019", "GBR", "1210", "Virgin Money London Marathon, London", "GL", "F", "7"
Bashir ABDI, 10 Feb 1989, BEL, "Half Marathon, 1:01:16 , 10 MAR 2019", "GBR", "Vitality Big Half Marathon, London", "E", "F", "2", "UNC"
Bashir ABDI, 10 Feb 1989, BEL, "10 Kilometres Road, 28:07 , 10 FEB 2019", "NED", "1121", "Groet Uit Run, Schoorl", "E", "F", "1"
Vincent KIPCHUMBA, 03 Aug 1990, KEN, "Marathon, 2:05:09 , 20 OCT 2019", "NED", "1242", "TCS Amsterdam Marathon, Amsterdam", "GL", "F", "1"
Vincent KIPCHUMBA, 03 Aug 1990, KEN, "10,000 Metres, 29:43.97 , 11 JUL 2019", "KEN", "977", "Kenya Police Ch., Nairobi", "F", "F", "16"
Vincent KIPCHUMBA, 03 Aug 1990, KEN, "Marathon, 2:06:56 , 07 APR 2019", "AUT", "1212", "Vienna City Marathon, Wien", "GL", "F", "1"
Vincent KIPCHUMBA, 03 Aug 1990, KEN, "Half Marathon, 1:02:12 , 06 JAN 2019", "TUR", "1099", "Adana Half Marathon, Adana", "E", "F", "1"
Felix CHEMONGES, 19 Aug 1993, UGA, "25 Kilometres Road, 1:13:43 , 15 DEC 2019", "IND", "1140", "Tata Steel Kolkata 25K, Kolkata", "B", "F", "4"
Felix CHEMONGES, 19 Aug 1993, UGA, "Half Marathon, 1:02:57 , 24 NOV 2019", "UGA", "MTN Kampala Half Marathon, Kampala", "F", "F", "2", "UNC"
Felix CHEMONGES, 19 Aug 1993, UGA, "Marathon, 2:05:12 , 20 OCT 2019", "CAN", "1241", "Scotiabank Toronto Waterfront Marathon, Toronto", "GL", "F", "3"
Felix CHEMONGES, 19 Aug 1993, UGA, "10,000 Metres, 29:20.10 , 26 JUL 2019", "UGA", "1012", "Ugandan Championships, Mandela National Stadium, Kampala", "B", "F", "9"
Felix CHEMONGES, 19 Aug 1993, UGA, "Half Marathon, 1:01:03 , 15 JUN 2019", "NED", "1144", "Scania Zwolse Halve Marathon, Zwolle", "E", "F", "2"
Felix CHEMONGES, 19 Aug 1993, UGA, "10 Kilometres Road, 28:34 , 07 JUN 2019", "CRO", "1080", "10 km, Karlovac", "E", "F", "2"
Felix CHEMONGES, 19 Aug 1993, UGA, "Marathon, 2:09:19 , 14 APR 2019", "AUT", "1172", "Borealis Linz Donau Marathon, Linz", "E", "F", "2"
Mark Kosgei KIPTOO, 21 Jun 1976, KEN, "Marathon, 2:08:09 , 27 OCT 2019", "GER", "1191", "Mainova Frankfurt Marathon, Frankfurt", "GL", "F", "6"
Mark Kosgei KIPTOO, 21 Jun 1976, KEN, "Marathon, 2:18:33 , 07 APR 2019", "KOR", "1023", "International Marathon, Daegu", "A", "F", "13"
Jo FUKUDA, 31 Dec 1990, JPN, "Marathon, 2:10:33 , 01 DEC 2019", "JPN", "1151", "The 73rd Fukuoka International Open Marathon Championships, Fukuoka", "GL", "F", "2"
Jo FUKUDA, 31 Dec 1990, JPN, "Marathon, 2:19:55 , 15 SEP 2019", "JPN", "1002", "Marathon Grand Championships, Tokyo", "B", "F", "22"
Jo FUKUDA, 31 Dec 1990, JPN, "Half Marathon, 1:03:49 , 07 JUL 2019", "AUS", "1038", "Half Marathon, Gold Coast", "E", "F", "7"
Jo FUKUDA, 31 Dec 1990, JPN, "5000 Metres, 14:14.60 , 04 MAY 2019", "JPN", "952", "Golden Games, Nobeoka", "F", "F3", "19"
Jo FUKUDA, 31 Dec 1990, JPN, "10,000 Metres, 31:15.89 , 20 APR 2019", "JPN", "850", "67th Hyogo Relay Carnival, Universiade Commemorative Stadium, Kobe", "C", "F2", "24"
Jo FUKUDA, 31 Dec 1990, JPN, "Marathon, DNF , 03 MAR 2019", "JPN", "Tokyo Marathon, Tokyo", "GL", "F"
Jo FUKUDA, 31 Dec 1990, JPN, "Half Marathon, 1:02:25 , 03 FEB 2019", "JPN", "1091", "Kagawa Marugame International Half Marathon, Marugame", "B", "F", "26"
Gebretsadik ABRAHA, 16 Jul 1992, ETH, "Marathon, 2:08:04 , 08 DEC 2019", "CHN", "1192", "Guangzhou Marathon, Guangzhou", "GL", "F", "1"
Gebretsadik ABRAHA, 16 Jul 1992, ETH, "Marathon, 2:11:02 , 31 MAR 2019", "CHN", "1143", "Chongqing International Marathon, Chongqing", "GL", "F", "5"
Ayele ABSHERO, 28 Dec 1990, ETH, "10 Miles Road, 46:57 , 22 SEP 2019", "NED", "1096", "Dam tot Damloop, Amsterdam", "B", "F", "5"
Ayele ABSHERO, 28 Dec 1990, ETH, "Marathon, 2:08:26 , 28 APR 2019", "GER", "1186", "Haspa Marathon Hamburg, Hamburg", "E", "F", "2"
Birhanu TESHOME, 1996, ETH, "Marathon, 2:09:29 , 20 OCT 2019", "POR", "1169", "EDP Maratona de Lisboa, Lisboa", "A", "F", "7"
Birhanu TESHOME, 1996, ETH, "Marathon, 2:10:31 , 07 APR 2019", "ITA", "1152", "Maratona Internazionale di Roma, Roma", "A", "F", "5"
Birhanu TESHOME, 1996, ETH, "Marathon, 2:08:20 , 25 JAN 2019", "UAE", "1188", "Standard Chartered Dubai Marathon, Dubai", "GL", "F", "8"
Yihunilign ADANE, 29 Feb 1996, ETH, "Marathon, 2:10:06 , 10 NOV 2019", "CHN", "1159", "Hefei International Marathon, Hefei", "A", "F", "1"
Yihunilign ADANE, 29 Feb 1996, ETH, "Marathon, 2:16:40 , 25 AUG 2019", "MEX", "1052", "Maratón Ciudad de México, Ciudad de México", "GL", "F", "4"
Yihunilign ADANE, 29 Feb 1996, ETH, "Marathon, 2:09:53 , 07 APR 2019", "ITA", "1162", "Maratona Internazionale di Roma, Roma", "A", "F", "3"
Yihunilign ADANE, 29 Feb 1996, ETH, "Marathon, 2:09:11 , 03 FEB 2019", "JPN", "1174", "Beppu-Oita Mainichi Marathon, Oita", "E", "F", "3"
Mekuant Ayenew GEBRE, 1991, ETH, "Marathon, 2:12:30 , 03 NOV 2019", "CHN", "1119", "CFLD Beijing Marathon, Beijing", "GL", "F", "7"
Mekuant Ayenew GEBRE, 1991, ETH, "Marathon, 2:11:28 , 12 MAY 2019", "CHN", "1136", "ICBC Cup - Dalian International Marathon, Dalian", "A", "F", "2"
Mekuant Ayenew GEBRE, 1991, ETH, "Marathon, 2:11:16 , 20 JAN 2019", "IND", "1139", "Tata Mumbai Marathon, Mumbai", "GL", "F", "5"
Regasa BEJIGA, 1980, ETH, "Marathon, 2:09:38 , 27 OCT 2019", "SLO", "1166", "Volkswagen Ljubljana Marathon, Ljubljana", "GL", "F", "6"
Regasa BEJIGA, 1980, ETH, "Marathon, 2:09:42 , 14 APR 2019", "POL", "1165", "Orlen Warsaw Marathon, Warszawa", "A", "F", "1"
Regasa BEJIGA, 1980, ETH, "Marathon, 2:13:32 , 17 FEB 2019", "ESP", "1102", "Zurich Maratón de Sevilla, Sevilla", "GL", "F", "11"
Tesfa WOKNETH, 30 Sep 1984, ETH, "Marathon, 2:10:30 , 27 OCT 2019", "CHN", "1152", "Changsha International Marathon, Changsha", "B", "F", "3"
Tesfa WOKNETH, 30 Sep 1984, ETH, "Marathon, 2:09:17 , 07 APR 2019", "ITA", "1172", "Maratona Internazionale di Roma, Roma", "A", "F", "2"
Emmanuel NAIBEI, 20 Jul 1983, KEN, "Marathon, 2:08:27 , 08 DEC 2019", "CHN", "1186", "Guangzhou Marathon, Guangzhou", "GL", "F", "2"
Emmanuel NAIBEI, 20 Jul 1983, KEN, "Marathon, 2:10:15 , 03 NOV 2019", "CHN", "1156", "CFLD Beijing Marathon, Beijing", "GL", "F", "3"
Emmanuel NAIBEI, 20 Jul 1983, KEN, "Marathon, 2:17:17 , 21 APR 2019", "KEN", "Marathon, Eldoret", "F", "F", "11", "SC"
Tesfaye Lencho ANBESA, 1997, ETH, "Marathon, 2:10:49 , 27 OCT 2019", "ITA", "1147", "Huawei Venice Marathon, Venezia", "B", "F", "1"
Tesfaye Lencho ANBESA, 1997, ETH, "Half Marathon, 1:05:50 , 10 MAR 2019", "FRA", "963", "Half Marathon, Paris", "E", "F", "4"
Maru TEFERI, 17 Aug 1992, ISR, "Half Marathon, 1:03:19 , 06 DEC 2019", "ISR", "Israeli Half Marathon Championships, Beit Shan", "B", "F", "1", "UNC"
Maru TEFERI, 17 Aug 1992, ISR, "Marathon, 2:08:09 , 27 OCT 2019", "GER", "1191", "Mainova Frankfurt Marathon, Frankfurt", "GL", "F", "5"
Maru TEFERI, 17 Aug 1992, ISR, "Half Marathon, 1:00:52 , 08 SEP 2019", "EST", "1152", "Half Marathon, Tallinn", "E", "F", "2"
Maru TEFERI, 17 Aug 1992, ISR, "5000 Metres, 13:40.37 , 20 JUL 2019", "BEL", "1066", "KBC Night of Athletics, Heusden-Zolder", "C", "F3", "1"
Maru TEFERI, 17 Aug 1992, ISR, "5000 Metres, 14:03.10 , 01 JUN 2019", "ISR", "989", "Outdoor Meeting, Tel Aviv", "F", "F", "3"
Maru TEFERI, 17 Aug 1992, ISR, "5000 Metres, 14:10.42 , 25 MAY 2019", "FIN", "965", "ECCC Group B, Tampere", "F", "F", "2"
Maru TEFERI, 17 Aug 1992, ISR, "10 Kilometres Road, 28:33 , 04 MAY 2019", "ISR", "1082", "Herzliya 10 km, Tel Aviv", "F", "F", "1"
Maru TEFERI, 17 Aug 1992, ISR, "Half Marathon, 1:02:05 , 07 APR 2019", "GER", "1104", "Generali Half Marathon, Berlin", "E", "F", "6"
Maru TEFERI, 17 Aug 1992, ISR, "10 Kilometres Road, 29:12 , 09 MAR 2019", "ISR", "1024", "10 km, Kfar Saba", "F", "F", "1"
Maru TEFERI, 17 Aug 1992, ISR, "Marathon, 2:10:11 , 17 FEB 2019", "ESP", "1157", "Zurich Maratón de Sevilla, Sevilla", "GL", "F", "8"
Naoya SAKUDA, 17 Dec 1994, JPN, "10,000 Metres, 28:28.92 , 23 NOV 2019", "JPN", "1088", "Hachioji Long Distance Meet, Hosei University Stadium, Machida", "F", "F5", "2"
Naoya SAKUDA, 17 Dec 1994, JPN, "5000 Metres, 14:02.30 , 17 JUL 2019", "JPN", "992", "Hokuren Distance Challenge, Kitami", "F", "F3", "3"
Naoya SAKUDA, 17 Dec 1994, JPN, "Marathon, 2:11:21 , 21 APR 2019", "JPN", "1138", "Marathon, Nagano", "B", "F", "3"
Naoya SAKUDA, 17 Dec 1994, JPN, "Half Marathon, 1:03:48 , 03 FEB 2019", "JPN", "1038", "Kagawa Marugame International Half Marathon, Marugame", "B", "F", "56"
Natsuki TERADA, 30 Aug 1991, JPN, "Marathon, 2:10:55 , 01 DEC 2019", "JPN", "1145", "The 73rd Fukuoka International Open Marathon Championships, Fukuoka", "GL", "F", "4"
Natsuki TERADA, 30 Aug 1991, JPN, "5000 Metres, 14:16.45 , 22 SEP 2019", "JPN", "945", "67th All Japan Corporate Team Championships, Yanmar Stadium Nagai, Osaka", "E", "F1", "4"
Natsuki TERADA, 30 Aug 1991, JPN, "5000 Metres, 14:02.83 , 17 JUL 2019", "JPN", "990", "Hokuren Distance Challenge, Kitami", "F", "F3", "4"
Natsuki TERADA, 30 Aug 1991, JPN, "10,000 Metres, 30:09.92 , 09 JUL 2019", "JPN", "941", "Hokuren Distance Challenge, Fukagawa", "F", "F4", "13"
Natsuki TERADA, 30 Aug 1991, JPN, "5000 Metres, 14:18.89 , 19 MAY 2019", "JPN", "938", "61st East Japan Corporate Teams Championships, Kumagaya", "F", "F3", "2"
Natsuki TERADA, 30 Aug 1991, JPN, "5000 Metres, 14:16.90 , 21 APR 2019", "JPN", "944", "269th Nittaidai Distance Meet, Yokohama", "F", "F22", "9"
Natsuki TERADA, 30 Aug 1991, JPN, "1500 Metres, 3:59.64 , 20 APR 2019", "JPN", "859", "269th Nittaidai Distance Meet, Yokohama", "F", "F13", "11"
Natsuki TERADA, 30 Aug 1991, JPN, "Marathon, 2:18:33 , 03 MAR 2019", "JPN", "1023", "Tokyo Marathon, Tokyo", "GL", "F", "35"
Natsuki TERADA, 30 Aug 1991, JPN, "Half Marathon, 1:03:32 , 03 FEB 2019", "JPN", "1048", "Kagawa Marugame International Half Marathon, Marugame", "B", "F", "45"
Kengo SUZUKI, 11 Jun 1995, JPN, "Marathon, 2:12:44 , 15 SEP 2019", "JPN", "1115", "Marathon Grand Championships, Tokyo", "B", "F", "7"
Kengo SUZUKI, 11 Jun 1995, JPN, "10,000 Metres, 28:48.48 , 09 JUL 2019", "JPN", "1058", "Hokuren Distance Challenge, Fukagawa", "F", "F3", "1"
Kengo SUZUKI, 11 Jun 1995, JPN, "Marathon, 2:11:36 , 28 APR 2019", "GER", "1134", "Haspa Marathon Hamburg, Hamburg", "E", "F", "13"
Kengo SUZUKI, 11 Jun 1995, JPN, "Half Marathon, 1:03:27 , 17 MAR 2019", "JPN", "1052", "Half Marathon, Niigata", "F", "F", "9"
Ryu TAKAKU, 18 Feb 1993, JPN, "10,000 Metres, 28:48.22 , 23 NOV 2019", "JPN", "1059", "Hachioji Long Distance Meet, Hosei University Stadium, Machida", "F", "F4", "9"
Ryu TAKAKU, 18 Feb 1993, JPN, "Marathon, DNF , 15 SEP 2019", "JPN", "Marathon Grand Championships, Tokyo", "B", "F"
Ryu TAKAKU, 18 Feb 1993, JPN, "Half Marathon, 1:02:43 , 07 JUL 2019", "JPN", "1079", "Half Marathon, Hakodate", "F", "F", "2"
Ryu TAKAKU, 18 Feb 1993, JPN, "Marathon, 2:10:02 , 28 APR 2019", "GER", "1160", "Haspa Marathon Hamburg, Hamburg", "E", "F", "7"
Ryu TAKAKU, 18 Feb 1993, JPN, "Marathon, 2:11:49 , 03 MAR 2019", "JPN", "1130", "Tokyo Marathon, Tokyo", "GL", "F", "9"
Ryu TAKAKU, 18 Feb 1993, JPN, "Half Marathon, 1:01:58 , 03 FEB 2019", "JPN", "1108", "Kagawa Marugame International Half Marathon, Marugame", "B", "F", "10"
Michel GITHAE, 26 Aug 1994, KEN, "Marathon, 2:10:59 , 01 DEC 2019", "JPN", "1144", "The 73rd Fukuoka International Open Marathon Championships, Fukuoka", "GL", "F", "5"
Michel GITHAE, 26 Aug 1994, KEN, "Marathon, 2:13:43 , 25 AUG 2019", "JPN", "1099", "Hokkaido Marathon, Sapporo", "E", "F", "4"
Michel GITHAE, 26 Aug 1994, KEN, "Marathon, DNF , 10 MAR 2019", "JPN", "Lake Biwa Marathon, Otsu", "GL", "F"
Yohanes GHEBREGERGIS, 01 Jan 1989, ERI, "Marathon, 2:08:26 , 29 SEP 2019", "GER", "1186", "BMW BERLIN-MARATHON, Berlin", "GL", "F", "6"
Yohanes GHEBREGERGIS, 01 Jan 1989, ERI, "Marathon, 2:11:49 , 05 MAY 2019", "CZE", "1130", "Volkswagen Prague Marathon, Praha", "GL", "F", "10"
Yohanes GHEBREGERGIS, 01 Jan 1989, ERI, "Half Marathon, 1:01:44 , 06 APR 2019", "CZE", "1118", "Sportisimo Prague Half Marathon, Praha", "A", "F", "8"
Yohanes GHEBREGERGIS, 01 Jan 1989, ERI, "Half Marathon, 1:01:08 , 17 MAR 2019", "POR", "1141", "EDP Meia Maratona de Lisboa, Lisboa", "A", "F", "16"
Shohei OTSUKA, 13 Aug 1994, JPN, "10,000 Metres, 28:56.63 , 23 NOV 2019", "JPN", "1046", "Hachioji Long Distance Meet, Hosei University Stadium, Machida", "F", "F7", "18"
Shohei OTSUKA, 13 Aug 1994, JPN, "5000 Metres, 14:08.79 , 19 OCT 2019", "JPN", "970", "4th Sayagatani Time Trials, Municipal Sayagatani Stadium, Kitakyushu", "F", "F19", "16"
Shohei OTSUKA, 13 Aug 1994, JPN, "Marathon, 2:11:58 , 15 SEP 2019", "JPN", "1128", "Marathon Grand Championships, Tokyo", "B", "F", "4"
Shohei OTSUKA, 13 Aug 1994, JPN, "10,000 Metres, 28:37.71 , 09 JUL 2019", "JPN", "1074", "Hokuren Distance Challenge, Fukagawa", "F", "F1", "16"
Shohei OTSUKA, 13 Aug 1994, JPN, "10,000 Metres, 28:28.14 , 04 MAY 2019", "JPN", "1089", "Golden Games, Nobeoka", "F", "F", "5"
Shohei OTSUKA, 13 Aug 1994, JPN, "10,000 Metres, 28:25.42 , 20 APR 2019", "JPN", "1093", "67th Hyogo Relay Carnival, Universiade Commemorative Stadium, Kobe", "C", "F3", "7"
Shohei OTSUKA, 13 Aug 1994, JPN, "5000 Metres, 13:59.99 , 14 APR 2019", "JPN", "1000", "28th Kanakuri Memorial Meet, Kumamoto", "F", "F5", "9"
Shohei OTSUKA, 13 Aug 1994, JPN, "Marathon, 2:12:36 , 03 MAR 2019", "JPN", "1118", "Tokyo Marathon, Tokyo", "GL", "F", "11"
Shohei OTSUKA, 13 Aug 1994, JPN, "Half Marathon, 1:02:53 , 03 FEB 2019", "JPN", "1073", "Kagawa Marugame International Half Marathon, Marugame", "B", "F", "34"
Hamid BEN DAOUD, 19 Feb 1996, ESP, "10 Kilometres Road, 28:06 *, 31 DEC 2019", "ESP", "1090", "Nationale - Nederlanden San Silvestre Vallecana, Madrid", "A", "F", "5"
Hamid BEN DAOUD, 19 Feb 1996, ESP, "Cross Country Senior Race, 32:31 , 08 DEC 2019", "POR", "26th SPAR European Cross Country Championships, Lisboa", "GL", "F", "52"
Hamid BEN DAOUD, 19 Feb 1996, ESP, "Marathon, 2:08:14 , 05 MAY 2019", "CZE", "1190", "Volkswagen Prague Marathon, Praha", "GL", "F", "5"
Hamid BEN DAOUD, 19 Feb 1996, ESP, "Cross Country Senior Race, 34:17 , 30 MAR 2019", "DEN", "43rd IAAF World Cross Country Championships, Århus", "GW", "F", "52"
Hamid BEN DAOUD, 19 Feb 1996, ESP, "10 Kilometres Road, 28:07 , 03 MAR 2019", "MAR", "1121", "Int. 10 km, Taroudant", "E", "F", "4"
Jackson KIPROP, 20 Oct 1986, UGA, "Marathon, 2:11:30 , 08 SEP 2019", "CHN", "1135", "Taiyuan International Marathon, Taiyuan", "GL", "F", "6"
Jackson KIPROP, 20 Oct 1986, UGA, "Marathon, 2:10:39 , 21 APR 2019", "JPN", "1149", "Marathon, Nagano", "B", "F", "1"
Jackson KIPROP, 20 Oct 1986, UGA, "Marathon, 2:15:43 , 18 JAN 2019", "OMA", "1067", "Al Mouj Muscat Marathon, Muscat", "E", "F", "3"
Shumi DECHASA, 28 May 1989, BRN, "Marathon, 2:08:28 , 27 OCT 2019", "CHN", "1186", "CISM Military World Games, Five Rings Sports Center, Wuhan", "C", "F", "1"
Shumi DECHASA, 28 May 1989, BRN, "Marathon, 2:09:55 *, 12 MAY 2019", "SUI", "1156", "Harmony Geneva Marathon for Unicef, Genève", "B", "F", "2"
Stanley BETT, 13 Dec 1986, KEN, "Marathon, 2:12:32 , 10 NOV 2019", "CHN", "Guilin Marathon, Guilin", "F", "F", "2", "UNC"
Stanley BETT, 13 Dec 1986, KEN, "Marathon, 2:10:12 , 03 NOV 2019", "CHN", "1157", "Hangzhou Marathon, Hangzhou", "GL", "F", "2"
Stanley BETT, 13 Dec 1986, KEN, "Half Marathon, 1:02:46 , 09 JUN 2019", "ESP", "Half Marathon, Albacete", "F", "F", "2", "UNC"
Stanley BETT, 13 Dec 1986, KEN, "Half Marathon, 1:03:05 , 24 MAR 2019", "ESP", "Half Marathon, Elche", "F", "F", "2", "UNC"
Stanley BETT, 13 Dec 1986, KEN, "Marathon, 2:13:38 , 24 FEB 2019", "ESP", "1101", "Maraton internacional ciudad de Castellon, Castellón", "E", "F", "3"
Abdi FUFA, 27 Sep 1995, ETH, "Half Marathon, 1:02:46 , 13 OCT 2019", "CHN", "1078", "Changzhou West Taihu Lake Half Marathon, Changzhou", "C", "F", "2"
Abdi FUFA, 27 Sep 1995, ETH, "Marathon, 2:13:33 , 15 SEP 2019", "RSA", "1102", "Sanlam Cape Town Marathon, Cape Town", "GL", "F", "9"
Abdi FUFA, 27 Sep 1995, ETH, "Cross Country Senior Race, 33:01 , 30 MAR 2019", "DEN", "43rd IAAF World Cross Country Championships, Århus", "GW", "F", "15"
Hicham LAQOUAHI, 13 Jun 1989, MAR, "Marathon, 2:11:32 , 15 DEC 2019", "CHN", "1135", "Shenzhen Marathon, Shenzhen", "GL", "F", "4"
Hicham LAQOUAHI, 13 Jun 1989, MAR, "Marathon, 2:09:44 , 20 APR 2019", "CHN", "1165", "Yellow River Estuary International Marathon, Dongying", "GL", "F", "4"
Hicham LAQOUAHI, 13 Jun 1989, MAR, "Marathon, 2:08:35 , 03 FEB 2019", "JPN", "1184", "Beppu-Oita Mainichi Marathon, Oita", "E", "F", "1"
Girmay Birhanu GEBRU, 27 Jan 1987, ETH, "Marathon, 2:16:14 , 25 AUG 2019", "MEX", "1059", "Maratón Ciudad de México, Ciudad de México", "GL", "F", "2"
Girmay Birhanu GEBRU, 27 Jan 1987, ETH, "Marathon, 2:10:38 , 20 APR 2019", "CHN", "1150", "Yellow River Estuary International Marathon, Dongying", "GL", "F", "5"
Guye Idemo ADOLA, 20 Oct 1990, ETH, "Marathon, 2:04:42 , 01 DEC 2019", "ESP", "1250", "Maratón Valencia Trinidad Alfonso EDP, Valencia", "GL", "F", "3"
Guye Idemo ADOLA, 20 Oct 1990, ETH, "Half Marathon, 1:04:12 , 30 AUG 2019", "MAR", "1023", "African Games, Complexe Sportif Prince Moulay Abdellah, Rabat", "A", "F", "8"
Guye Idemo ADOLA, 20 Oct 1990, ETH, "10,000 Metres, 27:46.65 , 17 JUL 2019", "NED", "1152", "Ethiopian Trials, Hengelo", "F", "F", "15"
Guye Idemo ADOLA, 20 Oct 1990, ETH, "Half Marathon, 1:01:44 , 07 APR 2019", "TUR", "1118", "Vodafone Istanbul Half Marathon, Istanbul", "A", "F", "9"
Guye Idemo ADOLA, 20 Oct 1990, ETH, "Half Marathon, 1:00:17 *, 10 MAR 2019", "ITA", "1166", "Huawei Roma-Ostia Half Marathon, Ostia", "A", "F", "1"
Hiskel TEWELDE, 15 Sep 1986, ERI, "Marathon, 2:09:49 , 17 NOV 2019", "CHN", "1163", "Shanghai International Marathon, Shanghai", "GL", "F", "4"
Hiskel TEWELDE, 15 Sep 1986, ERI, "Half Marathon, 1:04:20 , 10 MAR 2019", "FRA", "1018", "Half Marathon, Paris", "E", "F", "1"
Kenneth KETER, 04 Aug 1996, KEN, "Marathon, 2:09:29 , 27 OCT 2019", "GER", "1169", "Mainova Frankfurt Marathon, Frankfurt", "GL", "F", "7"
Kenneth KETER, 04 Aug 1996, KEN, "Half Marathon, 1:06:17 , 26 AUG 2019", "KEN", "Zane Branson Memorial Half Marathon, Kaptuli", "F", "F", "23", "UNC"
Kenneth KETER, 04 Aug 1996, KEN, "Marathon, 2:10:15 , 07 APR 2019", "AUT", "1156", "Vienna City Marathon, Wien", "GL", "F", "10"
Eyob GHEBREHIWET FANIEL, 26 Nov 1992, ITA, "10 Kilometres Road, 28:21 , 31 DEC 2019", "ITA", "1100", "BOclassic Südtirol, Bolzano", "C", "F", "1"
Eyob GHEBREHIWET FANIEL, 26 Nov 1992, ITA, "10 Kilometres Road, 29:21 , 24 NOV 2019", "ITA", "1010", "Ganten Milano21 - 10km, Milano", "F", "F", "1"
Eyob GHEBREHIWET FANIEL, 26 Nov 1992, ITA, "Marathon, 2:13:57 , 05 OCT 2019", "QAT", "1096", "IAAF World Championships in Athletics, Corniche, Doha", "OW", "F", "15"
Eyob GHEBREHIWET FANIEL, 26 Nov 1992, ITA, "Half Marathon, 1:01:25 *, 08 SEP 2019", "GBR", "1122", "South Shields Great North Run, South Shields", "E", "F", "6"
Eyob GHEBREHIWET FANIEL, 26 Nov 1992, ITA, "10 Kilometres Road, 29:17 , 16 JUN 2019", "ITA", "1016", "Trofeo Città di Telesia, Telese Terme", "E", "F", "1"
Eyob GHEBREHIWET FANIEL, 26 Nov 1992, ITA, "Half Marathon, 1:02:03 , 25 MAY 2019", "ITA", "1105", "Moonlight Half Marathon, Jesolo", "E", "F", "3"
Eyob GHEBREHIWET FANIEL, 26 Nov 1992, ITA, "10 Kilometres Road, 28:24 , 19 MAY 2019", "GBR", "1095", "Simplyhealth Great Manchester Run, Manchester", "E", "F", "2"
Eyob GHEBREHIWET FANIEL, 26 Nov 1992, ITA, "Half Marathon, 1:00:53 , 28 APR 2019", "ITA", "1151", "Half Marathon, Padova", "E", "F", "2"
Eyob GHEBREHIWET FANIEL, 26 Nov 1992, ITA, "10 Kilometres Road, 29:22 , 17 MAR 2019", "ITA", "1009", "StraVicenza del Palladio, Vicenza", "F", "F", "1"
Daisuke UEKADO, 11 Dec 1993, JPN, "10,000 Metres, 29:07.83 , 23 NOV 2019", "JPN", "1030", "Hachioji Long Distance Meet, Hosei University Stadium, Machida", "F", "F4", "19"
Daisuke UEKADO, 11 Dec 1993, JPN, "Marathon, 2:15:08 , 15 SEP 2019", "JPN", "1077", "Marathon Grand Championships, Tokyo", "B", "F", "11"
Daisuke UEKADO, 11 Dec 1993, JPN, "10,000 Metres, 29:11.88 , 11 MAY 2019", "JPN", "1024", "Kansai District Corporate Teams Championships, Osaka", "F", "F2", "4"
Daisuke UEKADO, 11 Dec 1993, JPN, "10,000 Metres, 29:31.27 , 20 APR 2019", "JPN", "996", "67th Hyogo Relay Carnival, Universiade Commemorative Stadium, Kobe", "C", "F2", "10"
Daisuke UEKADO, 11 Dec 1993, JPN, "Marathon, 2:15:49 , 03 FEB 2019", "JPN", "1066", "Beppu-Oita Mainichi Marathon, Oita", "E", "F", "22"
Daichi KAMINO, 13 Sep 1993, JPN, "Marathon, 2:12:18 , 22 DEC 2019", "CHN", "1122", "Asian Marathon Championships, Dongguan", "GL", "F", "1"
Daichi KAMINO, 13 Sep 1993, JPN, "10 Miles Road, 46:18 , 01 DEC 2019", "JPN", "1131", "Kosa 10 Mile, Kosa", "E", "F", "8"
Daichi KAMINO, 13 Sep 1993, JPN, "10,000 Metres, 28:33.72 , 16 NOV 2019", "JPN", "1080", "274th Nittadai(NSSU) Distance Meet, NITTAIDAI Athletic Stadium, Yokohama", "F", "F6", "6"
Daichi KAMINO, 13 Sep 1993, JPN, "Marathon, 2:17:40 , 15 SEP 2019", "JPN", "1037", "Marathon Grand Championships, Tokyo", "B", "F", "17"
Daichi KAMINO, 13 Sep 1993, JPN, "Half Marathon, 1:03:46 , 21 JUL 2019", "JPN", "Half Marathon, Shibetsu", "F", "F", "3", "UNC"
Daichi KAMINO, 13 Sep 1993, JPN, "10,000 Metres, 28:32.30 , 09 JUL 2019", "JPN", "1083", "Hokuren Distance Challenge, Fukagawa", "F", "F2", "5"
Daichi KAMINO, 13 Sep 1993, JPN, "Half Marathon, 1:03:05 , 12 MAY 2019", "JPN", "1065", "Half Marathon, Sendai", "E", "F", "7"
Daichi KAMINO, 13 Sep 1993, JPN, "10,000 Metres, 29:05.89 , 04 MAY 2019", "JPN", "1033", "Golden Games, Nobeoka", "F", "F", "14"
Daichi KAMINO, 13 Sep 1993, JPN, "Marathon, 2:11:05 , 03 MAR 2019", "JPN", "1142", "Tokyo Marathon, Tokyo", "GL", "F", "8"
Hiroto INOUE, 06 Jan 1993, JPN, "10 Miles Road, 46:18 , 01 DEC 2019", "JPN", "1131", "Kosa 10 Mile, Kosa", "E", "F", "7"
Hiroto INOUE, 06 Jan 1993, JPN, "Marathon, 2:22:10 , 15 SEP 2019", "JPN", "967", "Marathon Grand Championships, Tokyo", "B", "F", "27"
Hiroto INOUE, 06 Jan 1993, JPN, "10,000 Metres, 28:08.10 , 09 JUL 2019", "JPN", "1119", "Hokuren Distance Challenge, Fukagawa", "F", "F1", "4"
Hiroto INOUE, 06 Jan 1993, JPN, "5000 Metres, 14:09.23 , 27 JUN 2019", "JPN", "969", "103rd Japan Championships, Fukuoka", "B", "F", "13"
Hiroto INOUE, 06 Jan 1993, JPN, "5000 Metres, 13:50.88 , 01 JUN 2019", "JPN", "1030", "40th Kitakyushu City Championships, Kitakyushu", "F", "F9", "12"
Hiroto INOUE, 06 Jan 1993, JPN, "Marathon, 2:11:53 *, 15 APR 2019", "USA", "1110", "B.A.A. Boston Marathon, Boston, MA", "GL", "F", "12"
Hiroto INOUE, 06 Jan 1993, JPN, "Half Marathon, 1:02:12 , 03 MAR 2019", "JPN", "Kanaguri Hai Half Marathon, Tamana", "F", "F", "1", "UNC"
Hiroto INOUE, 06 Jan 1993, JPN, "10 Miles Road, 46:42 , 10 FEB 2019", "JPN", "1109", "10-Miler, Karatsu", "F", "F", "6"
Simon KARIUKI, 01 Apr 1996, KEN, "10,000 Metres, 28:59.35 , 23 NOV 2019", "JPN", "1042", "Hachioji Long Distance Meet, Hosei University Stadium, Machida", "F", "F6", "28"
Simon KARIUKI, 01 Apr 1996, KEN, "10,000 Metres, 27:56.41 , 21 SEP 2019", "JPN", "1137", "272nd Nittadai(NSSU) Distance Meet, NITTAIDAI Athletic Stadium, Yokohama", "F", "F10", "3"
Simon KARIUKI, 01 Apr 1996, KEN, "10,000 Metres, 28:08.71 , 22 JUL 2019", "JPN", "1118", "Hokuren Distance Challenge, Abashiri", "E", "F1", "7"
Simon KARIUKI, 01 Apr 1996, KEN, "5000 Metres, 13:41.92 , 17 JUL 2019", "JPN", "1061", "Hokuren Distance Challenge, Kitami", "F", "F1", "8"
Simon KARIUKI, 01 Apr 1996, KEN, "5000 Metres, 13:43.62 , 04 MAY 2019", "JPN", "1055", "Golden Games, Nobeoka", "F", "F2", "4"
Simon KARIUKI, 01 Apr 1996, KEN, "10,000 Metres, 28:18.29 , 20 APR 2019", "JPN", "1104", "67th Hyogo Relay Carnival, Universiade Commemorative Stadium, Kobe", "C", "F3", "6"
Simon KARIUKI, 01 Apr 1996, KEN, "Marathon, 2:09:41 , 03 MAR 2019", "JPN", "1165", "Tokyo Marathon, Tokyo", "GL", "F", "4"
Simon KARIUKI, 01 Apr 1996, KEN, "Half Marathon, 1:00:43 , 03 FEB 2019", "JPN", "1158", "Kagawa Marugame International Half Marathon, Marugame", "B", "F", "2"
Girmaw AMARE, 26 Oct 1987, ISR, "Marathon, 2:09:54 , 05 MAY 2019", "CZE", "1162", "Volkswagen Prague Marathon, Praha", "GL", "F", "7"
Girmaw AMARE, 26 Oct 1987, ISR, "Half Marathon, 1:02:53 , 17 MAR 2019", "POR", "1073", "EDP Meia Maratona de Lisboa, Lisboa", "A", "F", "24"
Girmaw AMARE, 26 Oct 1987, ISR, "15 Kilometres Road, 45:13 , 01 FEB 2019", "ISR", "1004", "Israeli 15km Championships, Rishon Letzion", "D", "F", "1"
Hiribo SHANO, 12 Feb 1999, ETH, "Marathon, 2:14:14 , 27 OCT 2019", "IRL", "1091", "KBC Dublin Marathon, Dublin", "E", "F", "7"
Hiribo SHANO, 12 Feb 1999, ETH, "Marathon, 2:14:14 , 14 APR 2019", "SEN", "1091", "Marathon Eiffage de Dakar, Dakar", "E", "F", "1"
Kenya SONOTA, 10 May 1993, JPN, "10,000 Metres, 29:03.60 , 23 NOV 2019", "JPN", "1036", "Hachioji Long Distance Meet, Hosei University Stadium, Machida", "F", "F3", "10"
Kenya SONOTA, 10 May 1993, JPN, "5000 Metres, 14:17.99 , 22 SEP 2019", "JPN", "941", "67th All Japan Corporate Team Championships, Yanmar Stadium Nagai, Osaka", "E", "F2", "20"
Kenya SONOTA, 10 May 1993, JPN, "5000 Metres, 14:10.47 , 17 JUL 2019", "JPN", "965", "Hokuren Distance Challenge, Kitami", "F", "F2", "10"
Kenya SONOTA, 10 May 1993, JPN, "5000 Metres, 14:19.69 , 09 JUL 2019", "JPN", "935", "Hokuren Distance Challenge, Fukagawa", "F", "F1", "19"
Kenya SONOTA, 10 May 1993, JPN, "5000 Metres, 14:06.95 , 19 MAY 2019", "JPN", "977", "61st East Japan Corporate Teams Championships, Kumagaya", "F", "F2", "1"
Kenya SONOTA, 10 May 1993, JPN, "5000 Metres, 14:09.55 , 21 APR 2019", "JPN", "968", "269th Nittaidai Distance Meet, Yokohama", "F", "F20", "3"
Kenya SONOTA, 10 May 1993, JPN, "30 Kilometres Road, 1:36:07 , 17 FEB 2019", "JPN", "994", "Ohme-Hochi 30km Road Race, Tokyo", "E", "F", "11"
Naoki OKAMOTO, 26 May 1984, JPN, "Marathon, 2:14:55 , 15 SEP 2019", "JPN", "1080", "Marathon Grand Championships, Tokyo", "B", "F", "10"
Naoki OKAMOTO, 26 May 1984, JPN, "Half Marathon, 1:03:53 , 21 JUL 2019", "JPN", "Half Marathon, Shibetsu", "F", "F", "4", "UNC"
Naoki OKAMOTO, 26 May 1984, JPN, "5000 Metres, 14:12.60 , 27 APR 2019", "JPN", "958", "53rd Mikio Oda Memorial, Hiroshima", "B", "F1", "13"
Alemayehu Ameta BELACHEW, 26 Oct 1985, ETH, "Marathon, 2:09:51 *, 27 OCT 2019", "FRA", "1154", "Marathon Vert Rennes Konica Minolta, Rennes", "E", "F", "3"
Alemayehu Ameta BELACHEW, 26 Oct 1985, ETH, "Marathon, 2:11:00 , 14 APR 2019", "CHN", "1144", "Dongfeng Renault Wuhan Marathon, Wuhan", "B", "F", "2"
Alemayehu Ameta BELACHEW, 26 Oct 1985, ETH, "Marathon, 2:09:52 , 06 JAN 2019", "CHN", "1162", "Xiamen International Marathon, Xiamen", "GL", "F", "5"
Elkanah KIBET, 02 Jun 1983, USA, "10 Miles Road, 48:33 , 03 NOV 2019", "USA", "1011", "EQT Pittsburgh 10 Miler, Pittsburgh, PA", "E", "F", "5"
Elkanah KIBET, 02 Jun 1983, USA, "10,000 Metres, 29:07.92 , 23 OCT 2019", "CHN", "1030", "CISM Military World Games, Five Rings Sports Center, Wuhan", "C", "F", "5"
Elkanah KIBET, 02 Jun 1983, USA, "Marathon, 2:19:33 , 05 OCT 2019", "QAT", "1007", "IAAF World Championships in Athletics, Corniche, Doha", "OW", "F", "38"
Elkanah KIBET, 02 Jun 1983, USA, "Marathon, 2:11:51 *, 15 APR 2019", "USA", "1111", "B.A.A. Boston Marathon, Boston, MA", "GL", "F", "11"
Elkanah KIBET, 02 Jun 1983, USA, "Half Marathon, 1:05:13 , 24 FEB 2019", "USA", "Half Marathon, Tampa, FL", "F", "F", "2", "UNC"
Samuel Kiplimo KOSGEI, 20 Jan 1986, KEN, "Marathon, 2:12:03 , 06 OCT 2019", "SVK", "1126", "Košice Peace Marathon, Košice", "A", "F", "5"
Samuel Kiplimo KOSGEI, 20 Jan 1986, KEN, "Marathon, 2:09:28 , 17 FEB 2019", "ESP", "1169", "Zurich Maratón de Sevilla, Sevilla", "GL", "F", "6"
Cameron LEVINS, 28 Mar 1989, CAN, "Marathon, 2:15:01 , 20 OCT 2019", "CAN", "1079", "Scotiabank Toronto Waterfront Marathon, Toronto - Canadian Marathon Ch.", "B", "F", "12"
Cameron LEVINS, 28 Mar 1989, CAN, "10 Kilometres Road, 30:14 , 07 JUL 2019", "CAN", "935", "Lululemon 10K, Edmonton", "E", "F", "3"
Cameron LEVINS, 28 Mar 1989, CAN, "10 Kilometres Road, 30:20 , 15 JUN 2019", "CAN", "927", "Lululemon Toronto 10K, Toronto", "E", "F", "5"
Cameron LEVINS, 28 Mar 1989, CAN, "Half Marathon, 1:05:10 , 17 MAR 2019", "USA", "987", "United Airlines NYC Half, New York, NY", "E", "F", "18"
Isaac MPOFU, 20 Aug 1988, ZIM, "Half Marathon, 1:10:15 , 03 NOV 2019", "RSA", "810", "Soweto Half Marathon & 10km, Soweto", "E", "F", "10"
Isaac MPOFU, 20 Aug 1988, ZIM, "Marathon, 2:29:24 , 05 OCT 2019", "QAT", "861", "IAAF World Championships in Athletics, Corniche, Doha", "OW", "F", "52"
Isaac MPOFU, 20 Aug 1988, ZIM, "Marathon, 2:15:10 , 24 AUG 2019", "RSA", "1076", "Petro SA Marathon, Mossel Bay", "E", "F", "2"
Edwin KIPTOO, 14 Aug 1993, KEN, "Marathon, 2:19:29 , 15 DEC 2019", "ESP", "1008", "Zurich Maratón Málaga, Málaga", "B", "F", "9"
Edwin KIPTOO, 14 Aug 1993, KEN, "Half Marathon, 1:11:31 , 13 OCT 2019", "CHN", "768", "Changzhou West Taihu Lake Half Marathon, Changzhou", "C", "F", "7"
Edwin KIPTOO, 14 Aug 1993, KEN, "Marathon, 2:10:17 , 27 APR 2019", "ESP", "1156", "Rock 'n' Roll Madrid Maraton, Madrid", "GL", "F", "4"
Leonard LANGAT, 07 Aug 1990, KEN, "10 Kilometres Road, 29:06 , 24 NOV 2019", "KEN", "1032", "Tuskys Great 10-K, Eldoret", "F", "F", "12"
Leonard LANGAT, 07 Aug 1990, KEN, "Marathon, 2:12:12 , 17 NOV 2019", "CHN", "1124", "Shanghai International Marathon, Shanghai", "GL", "F", "7"
Leonard LANGAT, 07 Aug 1990, KEN, "Half Marathon, 59:30 , 06 OCT 2019", "GBR", "1206", "Cardiff University / Cardiff Half Marathon, Cardiff", "B", "F", "1"
Leonard LANGAT, 07 Aug 1990, KEN, "10 Kilometres Road, 29:28 , 24 AUG 2019", "KEN", "1000", "Kirdam 10K, Kabarnet", "F", "F", "8"
Deresa GELETA, 14 Jan 1996, ETH, "Marathon, 2:11:26 , 24 NOV 2019", "FRA", "1137", "Marathon de La Rochelle Serge Vigot, La Rochelle", "E", "F", "2"
Deresa GELETA, 14 Jan 1996, ETH, "Marathon, 2:10:42 , 21 APR 2019", "JPN", "1149", "Marathon, Nagano", "B", "F", "2"
Deresa GELETA, 14 Jan 1996, ETH, "Marathon, 2:13:11 , 20 JAN 2019", "IND", "1108", "Tata Mumbai Marathon, Mumbai", "GL", "F", "8"
Robert KIPKEMBOI, 19 Jun 1988, KEN, "Marathon, 2:20:39 , 27 OCT 2019", "KEN", "990", "Standard Chartered Nairobi Marathon, Nairobi", "F", "F", "27"
Robert KIPKEMBOI, 19 Jun 1988, KEN, "Marathon, 2:14:58 , 28 JUL 2019", "CHN", "Summer International Marathon, Liupanshui", "B", "F", "1", "UNC"
Robert KIPKEMBOI, 19 Jun 1988, KEN, "Marathon, 2:07:09 , 17 MAR 2019", "KOR", "1208", "Seoul Marathon, Seoul", "GL", "F", "5"
Robert KIPKEMBOI, 19 Jun 1988, KEN, "Marathon, 2:15:02 , 06 JAN 2019", "CHN", "1078", "Xiamen International Marathon, Xiamen", "GL", "F", "8"
Ronald KORIR, 10 Apr 1991, KEN, "Marathon, 2:09:46 *, 27 OCT 2019", "FRA", "1155", "Marathon Vert Rennes Konica Minolta, Rennes", "E", "F", "2"
Ronald KORIR, 10 Apr 1991, KEN, "Marathon, 2:12:48 *, 12 MAY 2019", "SUI", "1108", "Harmony Geneva Marathon for Unicef, Genève", "B", "F", "6"
Ronald KORIR, 10 Apr 1991, KEN, "Marathon, 2:13:36 , 18 JAN 2019", "OMA", "1101", "Al Mouj Muscat Marathon, Muscat", "E", "F", "1"
Victor KIPCHIRCHIR, 05 Dec 1987, KEN, "Marathon, 2:19:41 , 29 SEP 2019", "MAS", "1005", "Standard Chartered Kuala Lumpur Marathon, Kuala Lumpur", "E", "F", "1"
Victor KIPCHIRCHIR, 05 Dec 1987, KEN, "Marathon, 2:17:03 , 19 MAY 2019", "AUT", "1046", "Marathon, Salzburg", "E", "F", "1"
Brimin KIPKORIR, 1989, KEN, "Marathon, 2:10:43 , 27 OCT 2019", "KEN", "1148", "Standard Chartered Nairobi Marathon, Nairobi", "F", "F", "1"
Brimin KIPKORIR, 1989, KEN, "Marathon, 2:09:31 , 07 APR 2019", "AUT", "1168", "Vienna City Marathon, Wien", "GL", "F", "6"
Berhane Tsegay TEKLE, 01 Jan 1983, ERI, "Marathon, 2:12:44 , 01 DEC 2019", "JPN", "1115", "Osaka Marathon, Osaka", "E", "F", "7"
Berhane Tsegay TEKLE, 01 Jan 1983, ERI, "Marathon, 2:17:20 , 14 APR 2019", "POL", "1042", "Orlen Warsaw Marathon, Warszawa", "A", "F", "10"
Leonard LANGAT, 02 Aug 1996, KEN, "10 Kilometres Road, 29:06 , 24 NOV 2019", "KEN", "1032", "Tuskys Great 10-K, Eldoret", "F", "F", "12"
Leonard LANGAT, 02 Aug 1996, KEN, "Marathon, 2:12:12 , 17 NOV 2019", "CHN", "1124", "Shanghai International Marathon, Shanghai", "GL", "F", "7"
Leonard LANGAT, 02 Aug 1996, KEN, "Half Marathon, 59:30 , 06 OCT 2019", "GBR", "1206", "Cardiff University / Cardiff Half Marathon, Cardiff", "B", "F", "1"
Leonard LANGAT, 02 Aug 1996, KEN, "10 Kilometres Road, 29:28 , 24 AUG 2019", "KEN", "1000", "Kirdam 10K, Kabarnet", "F", "F", "8"
Shaohui YANG, 09 Jul 1992, CHN, "Marathon, 2:14:12 , 01 DEC 2019", "CHN", "Baoan International Marathon, Shenzhen", "F", "F", "3", "UNC"
Shaohui YANG, 09 Jul 1992, CHN, "Marathon, 2:13:14 , 03 NOV 2019", "CHN", "1107", "CFLD Beijing Marathon, Beijing", "GL", "F", "8"
Shaohui YANG, 09 Jul 1992, CHN, "Marathon, 2:15:17 , 05 OCT 2019", "QAT", "1074", "IAAF World Championships in Athletics, Corniche, Doha", "OW", "F", "20"
Shaohui YANG, 09 Jul 1992, CHN, "Half Marathon, 1:05:26 , 21 APR 2019", "CHN", "978", "Jianzhen International Half Marathon, Yangzhou", "A", "F", "17"
Shaohui YANG, 09 Jul 1992, CHN, "Marathon, 2:21:23 , 14 APR 2019", "CHN", "979", "Dongfeng Renault Wuhan Marathon, Wuhan", "B", "F", "13"
Shaohui YANG, 09 Jul 1992, CHN, "10,000 Metres, DNF , 13 APR 2019", "CHN", "National Athletics Grand Prix Series, Huangshi", "E", "F1"
Shaohui YANG, 09 Jul 1992, CHN, "10,000 Metres, 31:26.41 , 09 APR 2019", "CHN", "836", "National Athletics Grand Prix Series, Zhaoqing", "E", "F3", "14"
Shaohui YANG, 09 Jul 1992, CHN, "5000 Metres, 15:12.84 , 07 APR 2019", "CHN", "771", "National Athletics Grand Prix Series, Zhaoqing", "E", "F4", "22"
Shaohui YANG, 09 Jul 1992, CHN, "Marathon, 2:14:03 , 24 MAR 2019", "CHN", "1094", "Chinese Marathon Championships, Xuzhou", "B", "F", "4"
Felix KIRWA, 08 Oct 1995, KEN, "Marathon, 2:08:18 *, 15 SEP 2024", "AUS", "1177", "Sydney Marathon, Sydney", "GW", "F", "3"
Felix KIRWA, 08 Oct 1995, KEN, "Half Marathon, 1:01:49 , 21 APR 2024", "CHN", "Shanghai Half Marathon, Shanghai", "B", "F", "7", "UNC"
Felix KIRWA, 08 Oct 1995, KEN, "Marathon, 2:06:52 , 07 JAN 2024", "CHN", "1213", "C&D XiaMen Marathon, Xiamen", "GW", "F", "2"
Hendrik PFEIFFER, 18 Mar 1993, GER, "15 Kilometres Road, 44:28 , 31 DEC 2019", "GER", "1046", "Sparkassen Silvesterlauf von Werl nach Soest, Soest", "F", "F", "1"
Hendrik PFEIFFER, 18 Mar 1993, GER, "Marathon, 2:15:19 , 13 OCT 2019", "GER", "1074", "RheinEnergie Marathon Köln, Köln", "E", "F", "1"
Hendrik PFEIFFER, 18 Mar 1993, GER, "Half Marathon, 1:03:17 , 21 SEP 2019", "CZE", "1058", "Mattoni Ústí nad Labem Half Marathon, Ústí nad Labem", "A", "F", "1"
Hendrik PFEIFFER, 18 Mar 1993, GER, "10 Kilometres Road, 29:34 , 03 AUG 2019", "GER", "992", "City Night, Berlin", "E", "F", "2"
Hendrik PFEIFFER, 18 Mar 1993, GER, "10 Kilometres Road, 30:07 , 09 JUN 2019", "GER", "945", "Sparkassen Citylauf, Oelde", "E", "F", "13"
