Competitor,DOB,Nat,ProfileURL
Eliud KIPCHOGE,05 Nov 1984,KEN,https://worldathletics.org/athletes/kenya/eliud-kipchoge-14208194
Lawrence CHERONO,07 Aug 1988,KEN,https://worldathletics.org/athletes/kenya/lawrence-cherono-14687675
Leule GEBRSELASSIE,20 Sep 1993,ETH,https://worldathletics.org/athletes/ethiopia/leul-gebresilase-14477361
Mosinet GEREMEW,12 Feb 1992,ETH,https://worldathletics.org/athletes/ethiopia/mosinet-geremew-14413325
Tamirat TOLA,11 Aug 1991,ETH,https://worldathletics.org/athletes/ethiopia/tamirat-tola-14589459
Tola SHURA KITATA,09 Jun 1996,ETH,https://worldathletics.org/athletes/ethiopia/shura-kitata-14730723
Geoffrey KIRUI,16 Feb 1993,KEN,https://worldathletics.org/athletes/kenya/geoffrey-kirui-014424831
Mo FARAH,23 Mar 1983,GBR,https://worldathletics.org/athletes/great-britain-ni/mo-farah-14189197
Kenneth Kiprop KIPKEMOI,02 Aug 1984,KEN,https://worldathletics.org/athletes/kenya/kenneth-kiprop-kipkemoi-014383248
Kelkile GEZAHEGN,01 Oct 1996,ETH,https://worldathletics.org/athletes/ethiopia/kelkile-gezahegn-014746354
Galen RUPP,08 May 1986,USA,https://worldathletics.org/athletes/united-states/galen-rupp-14250207
Mule WASIHUN,20 Oct 1993,ETH,https://worldathletics.org/athletes/ethiopia/mule-wasihun-014544714
Matthew Kipkoech KISORIO,16 May 1989,KEN,https://worldathletics.org/athletes/kenya/mathew-kipkoech-kisorio-014208580
Dickson CHUMBA,27 Oct 1986,KEN,https://worldathletics.org/athletes/kenya/dickson-chumba-014410174
Nobert KIGEN,24 Jan 1993,KEN,https://worldathletics.org/athletes/kenya/nobert-kigen-014675185
Sammy KITWARA,26 Nov 1986,KEN,https://worldathletics.org/athletes/kenya/sammy-kitwara-014208598
Stephen MOKOKA,31 Jan 1985,RSA,https://worldathletics.org/athletes/south-africa/stephen-mokoka-14220671
Sisay LEMMA,12 Dec 1990,ETH,https://worldathletics.org/athletes/ethiopia/sisay-lemma-14547527
Abraham KIPTUM,15 Sep 1989,KEN,https://worldathletics.org/athletes/kenya/abraham-kiptum-014740697
Benson KIPRUTO,17 Mar 1991,KEN,https://worldathletics.org/athletes/kenya/benson-kipruto-14758213
Amos KIPRUTO,16 Sep 1992,KEN,https://worldathletics.org/athletes/kenya/amos-kipruto-14694013
Asefa MENGSTU,22 Jan 1988,ETH,https://worldathletics.org/athletes/ethiopia/asefa-mengstu-014438913
Abera KUMA,31 Aug 1990,ETH,https://worldathletics.org/athletes/ethiopia/abera-kuma-014181547
Suguru OSAKO,23 May 1991,JPN,https://worldathletics.org/athletes/japan/suguru-osako-14335060
El Hassan EL ABBASSI,13 Apr 1984,BRN,https://worldathletics.org/athletes/bahrain/el-hassan-el-abbassi-014389214
Seifu TURA,19 Jun 1997,ETH,https://worldathletics.org/athletes/ethiopia/seifu-tura-14679817
Yemane TSEGAY,08 Apr 1985,ETH,https://worldathletics.org/athletes/ethiopia/yemane-tsegay-014327624
Geoffrey KAMWOROR,22 Nov 1992,KEN,https://worldathletics.org/athletes/kenya/geoffrey-kamworor-14423680
Ernest NGENO,20 May 1995,KEN,https://worldathletics.org/athletes/kenya/ernest-ngeno-14479173
Gideon Kipkemoi KIPKETER,10 Nov 1992,KEN,https://worldathletics.org/athletes/kenya/gideon-kipkemoi-kipketer-014413320
Lelisa DESISA,14 Jan 1990,ETH,https://worldathletics.org/athletes/ethiopia/lelisa-desisa-14377814
Dickson TUWEI,31 Oct 1992,KEN,https://worldathletics.org/athletes/kenya/dickson-tuwei-014377802
Eddine BOUNASR,27 Sep 1990,MAR,
Kenneth Mburu MUNGARA,07 Sep 1973,KEN,https://worldathletics.org/athletes/kenya/kenneth-mburu-mungara-014209200
Felix Kipchirchir KANDIE,10 Apr 1987,KEN,https://worldathletics.org/athletes/kenya/felix-kipchirchir-kandie-014383209
Laban KORIR,30 Dec 1985,KEN,https://worldathletics.org/athletes/kenya/laban-kipngetich-korir-014328122
Soloman DEKSISA,11 Mar 1994,ETH,https://worldathletics.org/athletes/ethiopia/solomon-deksisa-14433591
Albert KORIR,02 Mar 1994,KEN,https://worldathletics.org/athletes/kenya/albert-korir-014645745
Martin KIPRUGUT KOSGEY,21 Mar 1989,KEN,https://worldathletics.org/athletes/kenya/martin-kiprugut-kosgey-014523958
Yuta SHITARA,18 Dec 1991,JPN,https://worldathletics.org/athletes/japan/yuta-shitara-014580914
Yuma HATTORI,13 Nov 1993,JPN,https://worldathletics.org/athletes/japan/yuma-hattori-14435284
Abel KIRUI,06 Apr 1982,KEN,https://worldathletics.org/athletes/kenya/abel-kirui-14208543
Wilson Kipsang KIPROTICH,15 Mar 1982,KEN,https://worldathletics.org/athletes/kenya/wilson-kipsang-kiprotich-014208463
Takuya NOGUCHI,02 Jul 1988,JPN,https://worldathletics.org/athletes/japan/takuya-noguchi-014205055
Ishimael BUSHENDICH,07 Jul 1991,KEN,https://worldathletics.org/athletes/kenya/ishimael-bushendich-014552427
Deriba ROBI,26 Sep 1990,ETH,https://worldathletics.org/athletes/ethiopia/deribe-robi-014449123
Dejene DEBELA,09 Jan 1995,ETH,https://worldathletics.org/athletes/ethiopia/dejene-debela-014649282
Yitayal Atnafu ZERIHUN,20 Jan 1993,ETH,https://worldathletics.org/athletes/ethiopia/yitayal-atnafu-zerihun-014433437
Amos MITEI,10 Mar 1992,KEN,https://worldathletics.org/athletes/kenya/amos-mitei-014580735
Eliud KIPTANUI,06 Jun 1989,KEN,https://worldathletics.org/athletes/kenya/eliud-kiptanui-014375019
Stephen KIPROTICH,27 Feb 1989,UGA,https://worldathletics.org/athletes/uganda/stephen-kiprotich-14229607
Al Mahjoub DAZZA,03 Mar 1991,MAR,https://worldathletics.org/athletes/morocco/el-mahjoub-dazza-014590412
Abraham KIPROTICH,17 Aug 1983,FRA,https://worldathletics.org/athletes/france/abraham-kiprotich-014208418
Tsegaye KEBEDE,15 Jan 1987,ETH,https://worldathletics.org/athletes/ethiopia/tsegaye-kebede-014181360
Marius KIMUTAI,10 Dec 1992,BRN,https://worldathletics.org/athletes/bahrain/marius-kimutai-14612632
Laban MUTAI,15 Jan 1988,KEN,https://worldathletics.org/athletes/kenya/laban-mutai-014477640
Jake ROBERTSON,14 Nov 1989,NZL,https://worldathletics.org/athletes/new-zealand/jake-robertson-14215842
Abdi Ibrahim ABDO,24 Apr 1997,BRN,https://worldathletics.org/athletes/bahrain/abdi-ibrahim-abdo-014643410
Daniele MEUCCI,07 Oct 1985,ITA,https://worldathletics.org/athletes/italy/daniele-meucci-14200873
Felix KIMUTAI,12 Feb 1989,KEN,https://worldathletics.org/athletes/kenya/felix-kimutai-014462226
Marius KIPSEREM,17 May 1988,KEN,https://worldathletics.org/athletes/kenya/marius-kipserem-14498792
Amanuel MESEL,29 Dec 1990,ERI,https://worldathletics.org/athletes/eritrea/amanuel-mesel-14167408
Felix KIPROTICH,07 Dec 1988,KEN,https://worldathletics.org/athletes/kenya/filex-kipchirchir-kiprotich-014498800
Deme Tadu ABATE,11 Sep 1997,ETH,https://worldathletics.org/athletes/ethiopia/tadu-abate-14785774
Philemon RONO,08 Feb 1991,KEN,https://worldathletics.org/athletes/kenya/philemon-rono-014420235
Bazu WORKU HAYLA,15 Sep 1990,ETH,https://worldathletics.org/athletes/ethiopia/bazu-worku-hayla-014505083
Asbel KIPSANG,10 Sep 1993,KEN,https://worldathletics.org/athletes/kenya/asbel-kipsang-014424829
Stephen CHEMLANY,09 Aug 1982,KEN,https://worldathletics.org/athletes/kenya/stephen-chemlany-014207526
Augustino Paulo SULLE,13 Oct 1997,TAN,https://worldathletics.org/athletes/tanzania/augustino-paulo-sulle-14757531
Tesfamriam Samuel TSEGAY,24 Feb 1988,ERI,https://worldathletics.org/athletes/sweden/samuel-tsegay-tesfamariam-14167392
Yuki KAWAUCHI,05 Mar 1987,JPN,https://worldathletics.org/athletes/japan/yuki-kawauchi-014203841
Mark KORIR,06 Aug 1988,KEN,https://worldathletics.org/athletes/kenya/mark-korir-14243283
Solomon Kirwa YEGO,10 May 1987,KEN,https://worldathletics.org/athletes/kenya/solomon-kirwa-yego-014437533
Kenneth KIPLAGAT,14 Aug 1990,KEN,https://worldathletics.org/athletes/kenya/kenneth-kiplagat-014780859
Daniel KINYUA,25 May 1992,KEN,https://worldathletics.org/athletes/kenya/daniel-kinyua-014425759
Evans KORIR,10 Jul 1987,KEN,https://worldathletics.org/athletes/kenya/evans-korir-014472847
Kipkemoi KIPSANG,10 Oct 1990,KEN,https://worldathletics.org/athletes/kenya/kipkemoi-kipsang-014443377
Saïd AÏT ADDI,29 Jun 1982,MAR,https://worldathletics.org/athletes/morocco/said-ait-addi-014372028
Javier GUERRA,10 Nov 1983,ESP,https://worldathletics.org/athletes/spain/javier-guerra-014166242
Joel Kemboi KIMURER,21 Jan 1988,KEN,https://worldathletics.org/athletes/kenya/joel-kemboi-kimurer-014208131
Elisha ROTICH,12 Apr 1990,KEN,https://worldathletics.org/athletes/kenya/elisha-rotich-014443470
Shogo NAKAMURA,01 Sep 1992,JPN,https://worldathletics.org/athletes/japan/shogo-nakamura-014438719
Hayle LEMI,13 Sep 1994,ETH,https://worldathletics.org/athletes/ethiopia/lemi-berhanu-14639731
Julius TUWEI,26 Sep 1993,KEN,https://worldathletics.org/athletes/kenya/julius-tuwei-014615173
Reuben KERIO,02 Jun 1994,KEN,https://worldathletics.org/athletes/kenya/reuben-kerio-014645732
Andrew Ben KIMTAI,12 Aug 1989,KEN,https://worldathletics.org/athletes/kenya/andrew-ben-kimtai-014651357
Raymond Kipchumba CHOGE,02 Jan 1988,KEN,https://worldathletics.org/athletes/kenya/raymond-kipchumba-choge-014368363
Adugna TAKELE BIKILA,26 Feb 1989,ETH,https://worldathletics.org/athletes/ethiopia/adugna-takele-014473679
Hillary KIPSAMBU,04 Feb 1985,KEN,https://worldathletics.org/athletes/kenya/hillary-kipsambu-014729310
Vincent KIPRUTO,13 Sep 1987,KEN,https://worldathletics.org/athletes/kenya/vincent-kipruto-014334387
Aychew BANTIE,12 Sep 1995,ETH,https://worldathletics.org/athletes/ethiopia/aychew-bantie-014813868
Shumet AKALNEW,29 Jan 1988,ETH,
Cosmas LAGAT,12 Dec 1990,KEN,
Herpasa NEGASA,11 Sep 1993,ETH,https://worldathletics.org/athletes/ethiopia/herpasa-negasa-014568259
Emmanuel SAINA,06 Sep 1992,KEN,https://worldathletics.org/athletes/kenya/emmanuel-saina-014700594
Adugna TAKELE,26 Feb 1989,ETH,
Shifera TAMRU,01 Oct 1998,ETH,
Tsedat Abege AYANA,18 Feb 1996,ETH,https://worldathletics.org/athletes/ethiopia/tsedat-abeje-ayana-014579465
Barnabas KIPTUM,08 Dec 1986,KEN,https://worldathletics.org/athletes/kenya/barnabas-kiptum-14645712
Okubay TSEGAY,01 Jan 1986,ERI,
Tsegaye GETACHEW,30 Nov 1996,ETH,
Belay Asefa BEDADA,17 Jun 1992,ETH,
Berga BIRHANU BEKELE,20 Apr 1981,ETH,https://worldathletics.org/athletes/ethiopia/berga-birhanu-bekele-014382700
Birhanu LEGESE,11 Sep 1994,ETH,https://worldathletics.org/athletes/ethiopia/birhanu-legese-014554061
Bedan KAROKI,21 Aug 1990,KEN,https://worldathletics.org/athletes/kenya/bedan-karoki-014327782
Asefa TEFERA,14 Mar 1997,ETH,https://worldathletics.org/athletes/ethiopia/asefa-mengisa-014582660
Philemon KACHERAN,04 Jul 1992,KEN,https://worldathletics.org/athletes/kenya/philemon-kacheran-lokedi-14749959
Benson SEUREI,27 Mar 1984,BRN,https://worldathletics.org/athletes/bahrain/benson-seurei-014420554
Anthony MARITIM,12 Nov 1986,KEN,https://worldathletics.org/athletes/kenya/anthony-maritim-014409362
Alemu BEKELE,23 Mar 1990,BRN,
Thomas KIPLAGAT,01 Mar 1987,KEN,https://worldathletics.org/athletes/kenya/thomas-kiplagat-014615167
Mike Kiptum BOIT,14 Sep 1992,KEN,
Edwin KOECH,14 Dec 1987,KEN,https://worldathletics.org/athletes/kenya/edwin-koech-014550721
Michael KUNYUGA,27 Jul 1987,KEN,https://worldathletics.org/athletes/kenya/michael-kunyuga-014792203
Kaan Kigen ÖZBILEN,15 Jan 1986,TUR,https://worldathletics.org/athletes/turkiye/kaan-kigen-ozbilen-14208053
Evans CHEBET,10 Nov 1988,KEN,
Tadesse ABRAHAM,12 Aug 1982,SUI,https://worldathletics.org/athletes/switzerland/tadesse-abraham-14167400
Koen NAERT,03 Sep 1989,BEL,https://worldathletics.org/athletes/belgium/koen-naert-14329163
Titus EKIRU,02 Jan 1992,KEN,https://worldathletics.org/athletes/kenya/titus-ekiru-014766247
Abdi NAGEEYE,02 Mar 1989,NED,https://worldathletics.org/athletes/netherlands/abdi-nageeye-14214214
Solomon MUTAI,22 Oct 1992,UGA,https://worldathletics.org/athletes/uganda/solomon-mutai-14432818
Kennedy CHEBOROR,26 Apr 1990,KEN,https://worldathletics.org/athletes/kenya/kennedy-cheboror-014742808
Vincent RONO,10 Nov 1990,KEN,https://worldathletics.org/athletes/kenya/vincent-kipsang-rono-14209638
Edwin KOECH,25 Mar 1992,KEN,https://worldathletics.org/athletes/kenya/edwin-koech-014550721
Paul LONYANGATA,12 Dec 1992,KEN,
Abrha MILAW ASEFA,27 Feb 1988,ETH,https://worldathletics.org/athletes/ethiopia/abrha-milaw-asefa-014496527
Barselius KIPYEGO,22 Jul 1993,KEN,https://worldathletics.org/athletes/kenya/barselius-kipyego-014671255
Fikadu KEBEDE,,ETH,https://worldathletics.org/athletes/ethiopia/fikadu-kebede-014704866
Kiprotich KIRUI,22 Dec 1984,KEN,https://worldathletics.org/athletes/kenya/kiprotich-kirui-014368793
Dawit WOLDE,19 May 1991,ETH,https://worldathletics.org/athletes/ethiopia/dawit-wolde-14181700
Andualem Belay SHIFERAW,05 Apr 1992,ETH,https://worldathletics.org/athletes/ethiopia/andualem-belay-14512177
Justus KIMUTAI,02 Mar 1993,KEN,https://worldathletics.org/athletes/kenya/justus-kimutai-014669632
Afewerk MESFIN,12 Oct 1992,ETH,https://worldathletics.org/athletes/ethiopia/afewerk-mesfin-014428737
Christian PACHECO,26 May 1993,PER,https://worldathletics.org/athletes/peru/christian-pacheco-14609456
Dominic RUTO,05 May 1990,KEN,https://worldathletics.org/athletes/kenya/dominic-ruto-014547675
Shura KITATA,09 Jun 1996,ETH,
Mohamed ZIANI,01 Jan 1993,MAR,https://worldathletics.org/athletes/morocco/mohammed-ziani-14704859
Daniel MUINDI,10 Nov 1994,KEN,
Kenenisa BEKELE,13 Jun 1982,ETH,https://worldathletics.org/athletes/ethiopia/kenenisa-bekele-14181357
Jonathan KORIR,20 Nov 1986,KEN,https://worldathletics.org/athletes/kenya/jonathan-kipleting-korir-14704862
Callum HAWKINS,22 Jun 1992,GBR,https://worldathletics.org/athletes/great-britain-ni/callum-hawkins-014371841
Daniel KIBET,17 May 1996,KEN,
Zersenay TADESE,01 Jan 1982,ERI,https://worldathletics.org/athletes/eritrea/zersenay-tadese-014167401
Derlys AYALA,07 Jan 1990,PAR,https://worldathletics.org/athletes/paraguay/derlys-ayala-14216107
Kenta MURAYAMA,23 Feb 1993,JPN,https://worldathletics.org/athletes/japan/kenta-murayama-014388862
Bashir ABDI,10 Feb 1989,BEL,https://worldathletics.org/athletes/belgium/bashir-abdi-14375137
Vincent KIPCHUMBA,03 Aug 1990,KEN,https://worldathletics.org/athletes/kenya/vincent-kipchumba-14607904
Morris Munene GACHAGA,07 Apr 1995,KEN,
Felix CHEMONGES,19 Aug 1993,UGA,https://worldathletics.org/athletes/uganda/filex-malewa-chemongesi-14732235
Silas MWETICH,24 May 1997,KEN,
Birhan NEBEBEW,14 Aug 1994,ETH,
Fikre BEKELE,,ETH,
Mark Kosgei KIPTOO,21 Jun 1976,KEN,https://worldathletics.org/athletes/kenya/mark-kosgei-kiptoo-014208497
El Mahjoub DAZZA,03 Mar 1991,MAR,
Tsedat Abeje AYANA,18 Feb 1996,ETH,
Leul GEBRESILASE,20 Sep 1992,ETH,
Mathew Kipkoech KISORIO,16 May 1989,KEN,
Filex Kipchirchir KIPROTICH,07 Dec 1988,KEN,
Limenih GETACHEW,30 Apr 1990,ETH,
Abebe Negewo DEGEFA,20 May 1984,ETH,
Asefa MENGISA,14 Mar 1997,ETH,
Taku FUJIMOTO,11 Sep 1989,JPN,https://worldathletics.org/athletes/japan/taku-fujimoto-014385056
Jo FUKUDA,31 Dec 1990,JPN,https://worldathletics.org/athletes/japan/jo-fukuda-014421916
Gebretsadik ABRAHA,16 Jul 1992,ETH,https://worldathletics.org/athletes/ethiopia/gebretsadik-abraha-014413321
Reuben Kiprop KIPYEGO,21 Aug 1996,KEN,
Bonsa DIDA,21 Jan 1995,ETH,
Ayele ABSHERO,28 Dec 1990,ETH,https://worldathletics.org/athletes/ethiopia/ayele-abshero-014181296
Birhanu TESHOME,1996,ETH,https://worldathletics.org/athletes/ethiopia/birhanu-teshome-014788965
Yihunilign ADANE,29 Feb 1996,ETH,https://worldathletics.org/athletes/ethiopia/yihunilign-adane-014577962
Mekuant Ayenew GEBRE,1991,ETH,https://worldathletics.org/athletes/ethiopia/mekuant-ayenew-14509843
Regasa BEJIGA,1980,ETH,https://worldathletics.org/athletes/ethiopia/regasa-bejiga-014671128
Tesfa WOKNETH,30 Sep 1984,ETH,https://worldathletics.org/athletes/ethiopia/tesfa-wokneth-014378493
Getaneh MOLLA,10 Jan 1994,ETH,
Emmanuel NAIBEI,20 Jul 1983,KEN,https://worldathletics.org/athletes/kenya/emmanuel-naibei-14367690
Tesfaye Lencho ANBESA,1997,ETH,https://worldathletics.org/athletes/ethiopia/tesfaye-lencho-anbesa-014788972
Maru TEFERI,17 Aug 1992,ISR,https://worldathletics.org/athletes/israel/maru-teferi-14526757
Chalu DESO,14 Dec 1997,ETH,
Yuya YOSHIDA,23 Apr 1997,JPN,
Naoya SAKUDA,17 Dec 1994,JPN,https://worldathletics.org/athletes/japan/naoya-sakuda-014669113
Natsuki TERADA,30 Aug 1991,JPN,https://worldathletics.org/athletes/japan/natsuki-terada-014516083
Kengo SUZUKI,11 Jun 1995,JPN,https://worldathletics.org/athletes/japan/kengo-suzuki-14598158
Eric KIPTANUI,19 Apr 1990,KEN,
Ayad LAMDASSEM,11 Oct 1981,ESP,
Filex CHEMONGES,19 Aug 1993,UGA,
Alphonce Felix SIMBU,14 Feb 1992,TAN,
Guojian DONG,16 Mar 1987,CHN,
Yusuke OGURA,16 Apr 1993,JPN,
Ryu TAKAKU,18 Feb 1993,JPN,https://worldathletics.org/athletes/japan/ryu-takaku-014520336
Goitom KIFLE,03 Dec 1993,ERI,
Michel GITHAE,26 Aug 1994,KEN,https://worldathletics.org/athletes/kenya/michael-mugo-githae-14644141
Yohanes GHEBREGERGIS,01 Jan 1989,ERI,https://worldathletics.org/athletes/eritrea/yohanes-ghebregergis-14647870
Beshah YERSIIE,,ETH,
Shohei OTSUKA,13 Aug 1994,JPN,https://worldathletics.org/athletes/japan/shohei-otsuka-14462571
Hamid BEN DAOUD,19 Feb 1996,ESP,https://worldathletics.org/athletes/spain/hamid-ben-daoud-14514497
Hidekazu HIJIKATA,27 Jun 1997,JPN,
Samuel Tsegay TESFAMARIAM,24 Feb 1988,ERI,
Jackson KIPROP,20 Oct 1986,UGA,https://worldathletics.org/athletes/uganda/jackson-kiprop-14229606
Shumi DECHASA,28 May 1989,BRN,https://worldathletics.org/athletes/bahrain/shumi-dechasa-14378482
Stanley BETT,13 Dec 1986,KEN,https://worldathletics.org/athletes/kenya/stanley-bett-014642724
Abdi FUFA,27 Sep 1995,ETH,https://worldathletics.org/athletes/ethiopia/abdi-fufa-014643286
Hicham LAQOUAHI,13 Jun 1989,MAR,https://worldathletics.org/athletes/morocco/hicham-laqouahi-014441533
Othmane EL GOUMRI,28 May 1992,MAR,
Oqbe Kibrom RUESOM,01 Jan 1998,ERI,
Mekuant AYENEW,24 Oct 1991,ETH,
Girmay Birhanu GEBRU,27 Jan 1987,ETH,https://worldathletics.org/athletes/ethiopia/girmay-birhanu-gebru-014329629
Betesfa GETAHUN,25 Sep 1998,ETH,
Guye Idemo ADOLA,20 Oct 1990,ETH,https://worldathletics.org/athletes/ethiopia/guye-idemo-adola-014629097
Bethwel YEGON,05 Jan 1993,KEN,
Hiskel TEWELDE,15 Sep 1986,ERI,https://worldathletics.org/athletes/eritrea/hiskel-tewelde-14625895
Kenneth KETER,04 Aug 1996,KEN,https://worldathletics.org/athletes/kenya/kenneth-keter-014720219
Nicholas KIRWA,16 Jun 1994,KEN,
Kebede TULU,15 Sep 1996,ETH,
Eyob GHEBREHIWET FANIEL,26 Nov 1992,ITA,https://worldathletics.org/athletes/italy/eyob-faniel-14446830
Mohamed Reda EL AARABY,12 Nov 1989,MAR,
Kinde ATANAW,15 Apr 1993,ETH,
Olika ADUGNA,12 Sep 1999,ETH,
Gabriel Gerald GEAY,10 Sep 1996,TAN,
Kyohei HOSOYA,31 Aug 1995,JPN,
Daisuke UEKADO,11 Dec 1993,JPN,https://worldathletics.org/athletes/japan/daisuke-uekado-014606481
Daichi KAMINO,13 Sep 1993,JPN,https://worldathletics.org/athletes/japan/daichi-kamino-014524086
Derara HURISA,12 Jul 1997,ETH,
Amanal PETROS,17 May 1995,GER,
Daniel DO NASCIMENTO,28 Jul 1998,BRA,
Abebe NEGEWO,20 May 1984,ETH,
Merhawi KESETE,01 Jan 1986,ERI,
Masato KIKUCHI,18 Sep 1990,JPN,
Hiroto INOUE,06 Jan 1993,JPN,https://worldathletics.org/athletes/japan/hiroto-inoue-14493782
Simon KARIUKI,01 Apr 1996,KEN,https://worldathletics.org/athletes/kenya/simon-kariuki-014703351
Girmaw AMARE,26 Oct 1987,ISR,https://worldathletics.org/athletes/israel/girmaw-amare-14427580
Hiribo SHANO,12 Feb 1999,ETH,https://worldathletics.org/athletes/ethiopia/hiribo-shano-14800834
Samuel Tsegay TESFAMARIAM,24 Feb 1988,SWE,
Abdi KEBEDE,,ETH,
Lucas Kimeli ROTICH,16 Apr 1990,KEN,
Albert KANGOGO,16 Aug 1987,KEN,
Toshiki SADAKATA,04 Mar 1992,JPN,
Yuta SHIMODA,31 Mar 1996,JPN,
Asrar ABDEREHMAN,,ETH,
Ghirmay GHEBRESLASSIE,14 Nov 1995,ERI,
Abdi Ali GELELCHU,01 Aug 1997,BRN,
Ichitaka YAMASHITA,29 Jul 1997,JPN,
Laban Kipngetich KORIR,30 Jun 1985,KEN,
Kenya SONOTA,10 May 1993,JPN,https://worldathletics.org/athletes/japan/kenya-sonota-14483455
Kento KIKUTANI,08 May 1994,JPN,
Kipkemoi KIPRONO,12 Sep 1995,KEN,
Naoki OKAMOTO,26 May 1984,JPN,https://worldathletics.org/athletes/japan/naoki-okamoto-014205213
Abayneh DEGU,01 Dec 1998,ETH,
Titus KIPRUTO,25 Jun 1998,KEN,
Zablon CHUMBA,20 Dec 1991,KEN,
Filmon ANDE,10 Feb 1998,ERI,
Moses KIBET,04 Feb 1997,KEN,
Jemal Yimer MEKONNEN,11 Sep 1996,ETH,
Alemayehu Ameta BELACHEW,26 Oct 1985,ETH,https://worldathletics.org/athletes/ethiopia/alemayehu-ameta-belachew-14383845
Elkanah KIBET,02 Jun 1983,USA,https://worldathletics.org/athletes/united-states/elkanah-kibet-14207993
Cosmas MATOLO,,KEN,https://worldathletics.org/athletes/kenya/cosmas-matolo-muteti-14772276
Victor KIPLANGAT,10 Nov 1999,UGA,
Workineh TADESE,13 Dec 2000,ETH,
CyBrian KOTUT,06 Jun 1992,KEN,
Bernard Kipkemoi NGENO,,KEN,
Balew YIHUNLE,21 Sep 1998,ETH,
Gebru REDAHGNE,23 Mar 2000,ETH,
Timothy KIPLAGAT,18 Sep 1993,KEN,
Samuel Kiplimo KOSGEI,20 Jan 1986,KEN,https://worldathletics.org/athletes/kenya/samuel-kiplimo-kosgei-014208772
Edwin KOSGEI,17 Sep 1989,KEN,
Philemon Kacheran LOKEDI,04 Jul 1992,KEN,
Jonathan Kipleting KORIR,20 Nov 1986,KEN,
Eric Kiprono KIPTANUI,19 Apr 1990,KEN,
Cameron LEVINS,28 Mar 1989,CAN,https://worldathletics.org/athletes/canada/cameron-levins-14326707
Hamza SAHLI,10 May 1993,MAR,
Yusuke NISHIYAMA,07 Nov 1994,JPN,
Isaac MPOFU,20 Aug 1988,ZIM,https://worldathletics.org/athletes/zimbabwe/isaac-mpofu-14654920
Michael Mugo GITHAE,26 Aug 1994,KEN,
Richard RINGER,27 Feb 1989,GER,
Edwin KIPTOO,14 Aug 1993,KEN,https://worldathletics.org/athletes/kenya/edwin-kiptoo-014473084
Asrar HIYRDEN,25 Nov 1999,ETH,
Andamlak BELIHU,20 Nov 1998,ETH,
Bernard Kiprop KOECH,31 Jan 1988,KEN,
John KORIR,02 Dec 1996,KEN,
Adeledelew MAMO,1999,ETH,
Bazezew ASMARE,11 Sep 1996,ETH,
Abraham KIPTOO,16 Jul 1999,KEN,
Enock ONCHARI,16 Jan 1999,KEN,
Leonard LANGAT,07 Aug 1990,KEN,https://worldathletics.org/athletes/kenya/leonard-langat-014327502
Henok TESFAY,22 Nov 2000,ERI,
Deresa GELETA,14 Jan 1996,ETH,https://worldathletics.org/athletes/ethiopia/deresa-geleta-14816982
Robert KIPKEMBOI,19 Jun 1988,KEN,https://worldathletics.org/athletes/kenya/robert-kipkemboi-014644084
Ronald KORIR,10 Apr 1991,KEN,https://worldathletics.org/athletes/kenya/ronald-korir-014579745
Brett ROBINSON,08 May 1991,AUS,
James Gitahi RUNGARU,14 Jan 1993,KEN,
Cosmas Matolo MUTETI,16 May 1991,KEN,
Adane KEBEDE,1996,ETH,
Yohans MEKASHA,04 Feb 1998,ETH,
Victor KIPCHIRCHIR,05 Dec 1987,KEN,https://worldathletics.org/athletes/kenya/victor-kipchirchir-014524534
Gevin KERICH,02 Feb 1995,KEN,
Daniel KIPCHUMBA,12 Dec 1997,KEN,
Ibrahim HASSAN,01 Jan 1997,DJI,
Philimon Kiptoo KIPCHUMBA,16 Oct 1998,KEN,
Gashau AYALE,22 Aug 1996,ISR,
Bethwel KIBET,04 Aug 1991,KEN,
Hailemaryam KIROS,05 Feb 1997,ETH,
Mohamed ESA,11 Sep 2000,ETH,
Brimin KIPKORIR,1989,KEN,https://worldathletics.org/athletes/kenya/brimin-kipkorir-014208274
Vincent Kibor RAIMOI,16 Jul 1996,KEN,
Stephen KISSA,01 Dec 1988,UGA,
Ashenafi MOGES,15 Nov 1994,ETH,
Milkesa MENGESHA,16 Apr 2000,ETH,
Josphat BOIT,25 Nov 1995,KEN,
Omar Ait CHITACHEN,15 Mar 1995,MAR,
Samwel Nyamai MAILU,07 Feb 1993,KEN,
Kelvin KIPTUM,02 Dec 1999,KEN,
Alexander Mutiso MUNYAO,10 Sep 1996,KEN,
Haymanot ALEW,11 Nov 1997,ETH,
Tebello RAMAKONGOANA,13 Oct 1996,LES,
Hassan CHAHDI,07 May 1989,FRA,
Berhane Tsegay TEKLE,01 Jan 1983,ERI,https://worldathletics.org/athletes/eritrea/berhane-tsegay-tekle-14555147
Mulugeta Asefa UMA,12 Mar 1998,ETH,
Haftu TEKLU,21 Jan 2000,ETH,
Philemon KIPLIMO,10 Oct 1998,KEN,
Conner MANTZ,08 Dec 1996,USA,
Joshua BELET,10 Feb 1998,KEN,
Mohcin OUTALHA,15 Dec 1998,MAR,
Boniface KIMUTAI,12 Aug 1995,KEN,
Kemal HUSEN,24 May 2003,ETH,
Leonard LANGAT,02 Aug 1996,KEN,https://worldathletics.org/athletes/kenya/leonard-langat-014327502
Shaohui YANG,09 Jul 1992,CHN,https://worldathletics.org/athletes/pr-of-china/shaohui-yang-14523268
Tadu ABATE,11 Sep 1997,ETH,
Felix KIRWA,08 Oct 1995,KEN,https://worldathletics.org/athletes/kenya/felix-kirwa-014692705
Zouhair TALBI,08 Apr 1995,MAR,
Morhad AMDOUNI,21 Jun 1988,FRA,
Tafese DELELEGN,11 Sep 1989,ETH,
Naoki KOYAMA,12 May 1996,JPN,
Vincent Kipkemoi NGETICH,03 Jan 1999,KEN,
Haimro ALAME,08 Jun 1990,ISR,
Edmond KIPNGETICH,30 Mar 1994,KEN,
Amedework WALELEGN,11 Mar 1999,ETH,
Rhonzas Lokitam KILIMO,05 Sep 1996,KEN,
Derseh KINDIE,04 Feb 1999,ETH,
Jie HE,27 Dec 1998,CHN,
Emile CAIRESS,27 Dec 1997,GBR,
Chala REGASA,30 Apr 1997,ETH,
Mahamed MAHAMED,18 Sep 1997,GBR,
Hendrik PFEIFFER,18 Mar 1993,GER,https://worldathletics.org/athletes/germany/hendrik-pfeiffer-14429726
Lemi BERHANU,13 Sep 1994,ETH,
Andualem BELAY,05 Apr 1992,ETH,
Alexander MUNYAO,10 Sep 1996,KEN,
Akira AKASAKI,21 Jan 1998,JPN,
Clayton YOUNG,14 Sep 1993,USA,
Samsom AMARE,01 Jan 1994,ERI,
